engine_id,production_batch,environment,failure_mode_sim,lifetime_min,seed,severity_latent
1,0,high_altitude,lubrication_degradation,1101,20268927,0.9983510749085063
2,0,temperate,thermal_aging,1224,20276846,0.9948499130607624
3,0,high_altitude,lubrication_degradation,960,20284765,1.2310416798684327
4,0,temperate,thermal_aging,1116,20292684,0.9921960506357033
5,0,hot_desert,transmission_wear,1352,20300603,0.8774171469586582
6,0,temperate,thermal_aging,843,20308522,1.271100897425733
7,0,temperate,mixed_aging,1330,20316441,0.8983790324812863
8,0,hot_desert,thermal_aging,1081,20324360,1.1526319352760284
9,0,cold,mixed_aging,1600,20332279,0.7244839954933725
10,0,cold,lubrication_degradation,1070,20340198,1.0972017875884534
11,0,temperate,transmission_wear,1217,20348117,0.9795684256576923
12,0,hot_desert,mixed_aging,961,20356036,1.2450026043598887
13,0,temperate,thermal_aging,1064,20363955,1.0647607383991293
14,0,cold,lubrication_degradation,1159,20371874,0.9384240228446986
15,0,temperate,thermal_aging,1403,20379793,0.8624657215299483
16,0,temperate,thermal_aging,1221,20387712,1.087782790151991
17,0,hot_desert,mixed_aging,946,20395631,1.2251815685068792
18,0,temperate,thermal_aging,1110,20403550,0.9868870834086353
19,0,temperate,lubrication_degradation,1212,20411469,0.9456149953268839
20,0,cold,thermal_aging,1293,20419388,0.9332528858345969
21,1,hot_desert,transmission_wear,937,20427307,1.1826875999018622
22,1,temperate,thermal_aging,982,20435226,1.1164508328095448
23,1,temperate,thermal_aging,1074,20443145,1.116084315566822
24,1,temperate,thermal_aging,1233,20451064,0.937367086063378
25,1,hot_desert,lubrication_degradation,1153,20458983,1.0061572111369905
26,1,cold,lubrication_degradation,1048,20466902,1.1016185814248165
27,1,high_altitude,lubrication_degradation,1112,20474821,1.0672178806107149
28,1,temperate,lubrication_degradation,1101,20482740,1.0285386008557125
29,1,hot_desert,thermal_aging,1145,20490659,1.1137783784435822
30,1,temperate,lubrication_degradation,1092,20498578,1.1237458234946052
31,1,hot_desert,transmission_wear,1095,20506497,0.976735154988732
32,1,temperate,thermal_aging,856,20514416,1.42
33,1,high_altitude,transmission_wear,1076,20522335,1.0478451269097628
34,1,hot_desert,transmission_wear,1277,20530254,0.9491127078362411
35,1,temperate,thermal_aging,1360,20538173,0.8737900514448015
36,1,temperate,lubrication_degradation,1208,20546092,0.9480247679579428
37,1,temperate,thermal_aging,1084,20554011,1.0217010756723135
38,1,temperate,lubrication_degradation,1042,20561930,1.1623626719846822
39,1,high_altitude,transmission_wear,1225,20569849,0.8824771591998968
40,1,hot_desert,mixed_aging,941,20577768,1.2345757851832688
41,2,temperate,transmission_wear,928,20585687,1.2403229643632157
42,2,hot_desert,thermal_aging,1600,20593606,0.7251897477403565
43,2,temperate,thermal_aging,1206,20601525,1.02466661788379
44,2,hot_desert,mixed_aging,1181,20609444,1.0492078377147287
45,2,temperate,thermal_aging,1299,20617363,0.8835574541319291
46,2,hot_desert,lubrication_degradation,964,20625282,1.1337810765728886
47,2,high_altitude,lubrication_degradation,1278,20633201,0.8923017690441816
48,2,temperate,lubrication_degradation,1242,20641120,0.9024193710832858
49,2,temperate,lubrication_degradation,1484,20649039,0.7828634765779682
50,2,hot_desert,mixed_aging,1076,20656958,1.042572855199618
51,2,hot_desert,lubrication_degradation,1338,20664877,0.9075531343462878
52,2,temperate,thermal_aging,1009,20672796,1.1144834192629076
53,2,temperate,lubrication_degradation,1013,20680715,1.1597325091541706
54,2,high_altitude,transmission_wear,1125,20688634,0.9708123978504883
55,2,temperate,mixed_aging,1027,20696553,1.2045204741074398
56,2,temperate,lubrication_degradation,1080,20704472,1.0993844270164799
57,2,high_altitude,transmission_wear,1077,20712391,1.079915587825895
58,2,temperate,mixed_aging,1098,20720310,1.1937573325869173
59,2,cold,transmission_wear,1142,20728229,0.9736026145619078
60,2,cold,mixed_aging,1185,20736148,0.9041689778198366
61,3,cold,mixed_aging,942,20744067,1.1540738010381908
62,3,high_altitude,thermal_aging,1087,20751986,1.068964594971836
63,3,temperate,thermal_aging,1063,20759905,1.0023516960755072
64,3,temperate,mixed_aging,1331,20767824,0.8410327444104178
65,3,temperate,transmission_wear,1351,20775743,0.8445451982810169
66,3,temperate,thermal_aging,1074,20783662,1.1245129173403134
67,3,high_altitude,lubrication_degradation,1357,20791581,0.8268176333395847
68,3,hot_desert,lubrication_degradation,1209,20799500,1.0010634614302483
69,3,temperate,lubrication_degradation,1189,20807419,1.021313543826156
70,3,cold,thermal_aging,1115,20815338,1.0914996589308685
71,3,temperate,thermal_aging,1542,20823257,0.8069787026036173
72,3,hot_desert,thermal_aging,956,20831176,1.1876453261400415
73,3,hot_desert,thermal_aging,1156,20839095,0.992110142061458
74,3,hot_desert,thermal_aging,1459,20847014,0.7846512050750715
75,3,temperate,thermal_aging,950,20854933,1.2300589288353485
76,3,hot_desert,mixed_aging,1094,20862852,1.0469072992585204
77,3,cold,thermal_aging,1445,20870771,0.8066331149303788
78,3,cold,lubrication_degradation,1559,20878690,0.7538239563692487
79,3,high_altitude,mixed_aging,1096,20886609,1.0295948067079228
80,3,cold,transmission_wear,1367,20894528,0.913229756590884
81,4,temperate,lubrication_degradation,995,20902447,1.139765761548115
82,4,high_altitude,thermal_aging,1010,20910366,1.1351553934512284
83,4,temperate,lubrication_degradation,1125,20918285,0.9948792909923904
84,4,high_altitude,thermal_aging,1046,20926204,1.1346361812611563
85,4,temperate,thermal_aging,1086,20934123,1.1129848146438843
86,4,high_altitude,mixed_aging,781,20942042,1.42
87,4,high_altitude,thermal_aging,1289,20949961,0.9489928499540026
88,4,high_altitude,mixed_aging,1356,20957880,0.9013752692931968
89,4,temperate,thermal_aging,1139,20965799,0.9789758409089421
90,4,hot_desert,thermal_aging,1358,20973718,0.8557130259818192
91,4,cold,transmission_wear,1200,20981637,0.955125309541526
92,4,cold,lubrication_degradation,1306,20989556,0.8553615352813734
93,4,high_altitude,transmission_wear,993,20997475,1.1518197715399527
94,4,cold,lubrication_degradation,1235,21005394,1.0117691325503813
95,4,temperate,mixed_aging,1322,21013313,0.8928818646500059
96,4,cold,transmission_wear,1066,21021232,1.0874855430751558
97,4,temperate,thermal_aging,1190,21029151,0.9554567522893831
98,4,temperate,mixed_aging,997,21037070,1.1522586331956213
99,4,temperate,thermal_aging,1246,21044989,0.926140072649427
100,4,temperate,thermal_aging,1068,21052908,1.130448845917287
101,5,temperate,transmission_wear,1085,21060827,1.065368582991351
102,5,high_altitude,thermal_aging,1129,21068746,1.1562192427382947
103,5,hot_desert,mixed_aging,1211,21076665,0.8882627197633589
104,5,temperate,thermal_aging,1286,21084584,0.8987084518866971
105,5,cold,transmission_wear,961,21092503,1.24337843471056
106,5,high_altitude,lubrication_degradation,1064,21100422,1.0647051471389357
107,5,high_altitude,transmission_wear,991,21108341,1.1978600013280916
108,5,hot_desert,thermal_aging,1196,21116260,0.9414941243647833
109,5,hot_desert,mixed_aging,978,21124179,1.1137031120992569
110,5,temperate,lubrication_degradation,1516,21132098,0.7796029553847512
111,5,temperate,transmission_wear,1005,21140017,1.1437983467425206
112,5,hot_desert,mixed_aging,1109,21147936,1.1242381676388513
113,5,hot_desert,lubrication_degradation,1292,21155855,0.9098984170687164
114,5,temperate,mixed_aging,1100,21163774,0.9908464084637681
115,5,hot_desert,lubrication_degradation,828,21171693,1.3110234082423942
116,5,hot_desert,mixed_aging,1285,21179612,0.8947837684401728
117,5,high_altitude,thermal_aging,1215,21187531,0.9095743404425172
118,5,temperate,transmission_wear,1378,21195450,0.8109955278988392
119,5,temperate,transmission_wear,1312,21203369,0.9162176603115657
120,5,temperate,thermal_aging,1065,21211288,1.0161862322908999
121,6,temperate,transmission_wear,1124,21219207,1.046567219621293
122,6,high_altitude,lubrication_degradation,1091,21227126,1.0583012570742867
123,6,hot_desert,lubrication_degradation,1305,21235045,0.8983163332719948
124,6,cold,lubrication_degradation,1146,21242964,1.026059542899584
125,6,hot_desert,mixed_aging,1313,21250883,0.9172141568924829
126,6,temperate,thermal_aging,1099,21258802,1.0267879325904878
127,6,temperate,mixed_aging,820,21266721,1.362758616170302
128,6,temperate,thermal_aging,1207,21274640,1.0776882651240587
129,6,temperate,mixed_aging,1350,21282559,0.8476345920220215
130,6,cold,mixed_aging,1592,21290478,0.68
131,6,temperate,transmission_wear,782,21298397,1.42
132,6,cold,transmission_wear,1352,21306316,0.8506548372677832
133,6,cold,mixed_aging,1600,21314235,0.6927594533483122
134,6,temperate,mixed_aging,1443,21322154,0.85171651850652
135,6,high_altitude,transmission_wear,1016,21330073,1.1375440582342364
136,6,high_altitude,transmission_wear,930,21337992,1.2897024518249898
137,6,high_altitude,lubrication_degradation,1155,21345911,0.9846992327085288
138,6,hot_desert,mixed_aging,979,21353830,1.1983018828155305
139,6,hot_desert,lubrication_degradation,956,21361749,1.173180781801599
140,6,temperate,lubrication_degradation,1162,21369668,1.0765915723357973
141,7,temperate,transmission_wear,1430,21377587,0.8435575146303963
142,7,temperate,thermal_aging,955,21385506,1.2345687410591208
143,7,hot_desert,mixed_aging,1103,21393425,1.0535600183277423
144,7,temperate,thermal_aging,1069,21401344,1.114040538542569
145,7,cold,thermal_aging,962,21409263,1.209818878329382
146,7,temperate,thermal_aging,1293,21417182,0.8764713622922171
147,7,temperate,thermal_aging,1118,21425101,0.9739363691196103
148,7,temperate,lubrication_degradation,1276,21433020,0.9433493094057904
149,7,cold,thermal_aging,1100,21440939,1.141968764845833
150,7,temperate,lubrication_degradation,1107,21448858,1.1011724893932573
151,7,hot_desert,lubrication_degradation,1065,21456777,1.1496670588294244
152,7,hot_desert,mixed_aging,917,21464696,1.3476901759564026
153,7,temperate,mixed_aging,1118,21472615,1.0841323871277353
154,7,high_altitude,mixed_aging,1126,21480534,1.0364862960836096
155,7,temperate,transmission_wear,1130,21488453,1.0638321441564396
156,7,temperate,mixed_aging,1191,21496372,0.9198432983947908
157,7,temperate,transmission_wear,1048,21504291,1.1047044961191814
158,7,temperate,lubrication_degradation,1208,21512210,0.9119632213683108
159,7,cold,transmission_wear,1266,21520129,0.9183049915936173
160,7,cold,transmission_wear,1600,21528048,0.6809560209594043
161,8,cold,thermal_aging,1074,21535967,1.0661518492656457
162,8,temperate,lubrication_degradation,1587,21543886,0.7564891196031598
163,8,high_altitude,thermal_aging,1321,21551805,0.912243173065188
164,8,hot_desert,lubrication_degradation,994,21559724,1.0896653827813374
165,8,temperate,lubrication_degradation,1061,21567643,1.147334293164079
166,8,cold,transmission_wear,1188,21575562,0.996773612598218
167,8,hot_desert,thermal_aging,1375,21583481,0.8670722843851155
168,8,high_altitude,transmission_wear,1285,21591400,0.9352453113791235
169,8,temperate,transmission_wear,1545,21599319,0.7993426661260762
170,8,temperate,lubrication_degradation,1357,21607238,0.8898458727063377
171,8,hot_desert,thermal_aging,1159,21615157,0.9881827753643504
172,8,hot_desert,mixed_aging,1277,21623076,0.8795073608694141
173,8,hot_desert,transmission_wear,1393,21630995,0.8320023056969654
174,8,hot_desert,lubrication_degradation,945,21638914,1.181395812795489
175,8,temperate,lubrication_degradation,1233,21646833,0.9451545517441802
176,8,hot_desert,transmission_wear,1600,21654752,0.7783261379074906
177,8,temperate,thermal_aging,1084,21662671,0.9875563642281937
178,8,temperate,thermal_aging,1127,21670590,0.960243846738328
179,8,high_altitude,mixed_aging,1310,21678509,0.8457600532128814
180,8,cold,mixed_aging,1286,21686428,0.9117656125416098
181,9,temperate,mixed_aging,949,21694347,1.2588337428195402
182,9,hot_desert,transmission_wear,959,21702266,1.2576258354559722
183,9,hot_desert,transmission_wear,1328,21710185,0.8729215724416232
184,9,high_altitude,thermal_aging,1600,21718104,0.6918549080079083
185,9,temperate,transmission_wear,1458,21726023,0.8098729214047977
186,9,temperate,transmission_wear,1376,21733942,0.8439488512988269
187,9,temperate,lubrication_degradation,922,21741861,1.292595770998636
188,9,temperate,thermal_aging,1127,21749780,1.0161228258675776
189,9,temperate,mixed_aging,988,21757699,1.1083477873730823
190,9,cold,mixed_aging,1065,21765618,1.086133773390746
191,9,cold,thermal_aging,1373,21773537,0.8362972676230543
192,9,hot_desert,transmission_wear,1164,21781456,0.9437599852609405
193,9,temperate,lubrication_degradation,1295,21789375,0.9261171073484818
194,9,cold,thermal_aging,1383,21797294,0.8563866104470113
195,9,high_altitude,thermal_aging,1328,21805213,0.8873933236550993
196,9,cold,thermal_aging,1014,21813132,1.093877010456879
197,9,temperate,lubrication_degradation,1111,21821051,1.0377398690432893
198,9,high_altitude,mixed_aging,1323,21828970,0.8493999483640964
199,9,cold,transmission_wear,1247,21836889,0.9140602359526726
200,9,cold,transmission_wear,1184,21844808,1.0093477532526316
201,10,hot_desert,lubrication_degradation,1083,21852727,1.0282351045381048
202,10,hot_desert,thermal_aging,1196,21860646,0.9772927841674337
203,10,temperate,transmission_wear,1285,21868565,0.8687473911900695
204,10,hot_desert,mixed_aging,1299,21876484,0.8376209727191094
205,10,temperate,thermal_aging,1168,21884403,1.0395911433707619
206,10,high_altitude,mixed_aging,1090,21892322,1.1096600111978205
207,10,temperate,mixed_aging,1054,21900241,1.1344244512320731
208,10,hot_desert,transmission_wear,1181,21908160,0.958678366499547
209,10,high_altitude,mixed_aging,1059,21916079,1.0986984036893732
210,10,temperate,thermal_aging,1067,21923998,1.0954908422245444
211,10,temperate,transmission_wear,1122,21931917,1.0359128489326275
212,10,high_altitude,thermal_aging,1280,21939836,0.8756862658605629
213,10,temperate,lubrication_degradation,1272,21947755,0.8438558450923155
214,10,temperate,transmission_wear,1455,21955674,0.8035282727034043
215,10,cold,mixed_aging,1069,21963593,1.074938545541874
216,10,temperate,lubrication_degradation,1257,21971512,0.9297741883486995
217,10,temperate,thermal_aging,1413,21979431,0.8263253486553886
218,10,hot_desert,thermal_aging,1290,21987350,0.8607696193602634
219,10,temperate,lubrication_degradation,978,21995269,1.1580626455527372
220,10,high_altitude,thermal_aging,1237,22003188,0.9187387115640697
221,11,temperate,thermal_aging,945,22011107,1.0960737336163444
222,11,temperate,thermal_aging,972,22019026,1.2079718716137178
223,11,hot_desert,transmission_wear,942,22026945,1.162438436682819
224,11,temperate,lubrication_degradation,875,22034864,1.2021748780122052
225,11,temperate,thermal_aging,888,22042783,1.349025082403835
226,11,hot_desert,thermal_aging,1199,22050702,0.987014101765309
227,11,temperate,mixed_aging,810,22058621,1.3948060630727064
228,11,temperate,mixed_aging,1162,22066540,0.9543986572230722
229,11,temperate,mixed_aging,1275,22074459,0.9156584596209884
230,11,temperate,thermal_aging,968,22082378,1.1784255510644996
231,11,cold,mixed_aging,955,22090297,1.1145843599161005
232,11,hot_desert,lubrication_degradation,1155,22098216,1.0252690852671433
233,11,temperate,lubrication_degradation,1233,22106135,0.89668539858242
234,11,hot_desert,lubrication_degradation,933,22114054,1.314572889668279
235,11,temperate,thermal_aging,1170,22121973,0.9811534025299881
236,11,temperate,thermal_aging,1134,22129892,0.9939135174179388
237,11,temperate,thermal_aging,1600,22137811,0.68
238,11,temperate,lubrication_degradation,1217,22145730,0.9749295250590432
239,11,temperate,transmission_wear,1000,22153649,1.1527790283523085
240,11,temperate,thermal_aging,1600,22161568,0.68
241,12,temperate,thermal_aging,1049,22169487,1.0949151086687343
242,12,hot_desert,thermal_aging,1102,22177406,1.0122769720236509
243,12,temperate,lubrication_degradation,1167,22185325,1.0301057188363558
244,12,temperate,lubrication_degradation,1025,22193244,1.140507273299229
245,12,temperate,lubrication_degradation,1071,22201163,1.1313792238138771
246,12,cold,thermal_aging,1230,22209082,0.9474893828127997
247,12,temperate,mixed_aging,1150,22217001,1.0142524729615454
248,12,temperate,thermal_aging,1289,22224920,0.9174388037669546
249,12,cold,thermal_aging,1225,22232839,0.9606066949556256
250,12,hot_desert,lubrication_degradation,1188,22240758,1.010168068506962
251,12,temperate,thermal_aging,1236,22248677,0.9894208826593931
252,12,temperate,transmission_wear,1206,22256596,1.0098058864918633
253,12,hot_desert,lubrication_degradation,1015,22264515,1.1449541788004356
254,12,cold,transmission_wear,1201,22272434,0.9025867383657084
255,12,temperate,transmission_wear,1444,22280353,0.7909694235516047
256,12,temperate,transmission_wear,978,22288272,1.1749562738325892
257,12,hot_desert,transmission_wear,1091,22296191,0.9827344639430993
258,12,temperate,transmission_wear,825,22304110,1.3530280666626862
259,12,temperate,thermal_aging,1061,22312029,1.0778476832369959
260,12,temperate,lubrication_degradation,948,22319948,1.1994033093479932
261,13,temperate,mixed_aging,1192,22327867,0.9612429272830014
262,13,temperate,lubrication_degradation,1053,22335786,1.1957771804845403
263,13,high_altitude,lubrication_degradation,1159,22343705,0.9905049752050765
264,13,temperate,transmission_wear,927,22351624,1.2604102662109609
265,13,temperate,thermal_aging,953,22359543,1.2215346930345556
266,13,temperate,mixed_aging,1206,22367462,0.9801638691874708
267,13,cold,lubrication_degradation,1093,22375381,1.0539375288776307
268,13,hot_desert,transmission_wear,839,22383300,1.3345462083401403
269,13,hot_desert,lubrication_degradation,1108,22391219,0.9916684300304223
270,13,temperate,mixed_aging,1535,22399138,0.7375872764422872
271,13,temperate,lubrication_degradation,1489,22407057,0.7901927480368244
272,13,temperate,lubrication_degradation,1351,22414976,0.8137268345064418
273,13,high_altitude,lubrication_degradation,1314,22422895,0.9075491566087469
274,13,cold,thermal_aging,1226,22430814,0.9607472206833629
275,13,high_altitude,transmission_wear,944,22438733,1.1469873989267216
276,13,temperate,transmission_wear,1412,22446652,0.8445512275436903
277,13,high_altitude,mixed_aging,1419,22454571,0.7999504676312702
278,13,temperate,transmission_wear,1122,22462490,1.0617914939266946
279,13,high_altitude,lubrication_degradation,1277,22470409,0.9151804965404672
280,13,temperate,lubrication_degradation,1503,22478328,0.8228692739813152
281,14,hot_desert,thermal_aging,1299,22486247,0.9091119236510653
282,14,hot_desert,transmission_wear,1321,22494166,0.8831727639817755
283,14,cold,mixed_aging,789,22502085,1.42
284,14,temperate,mixed_aging,1349,22510004,0.860703692179555
285,14,hot_desert,lubrication_degradation,1233,22517923,0.9966444654273929
286,14,cold,lubrication_degradation,899,22525842,1.2945390255223859
287,14,temperate,mixed_aging,958,22533761,1.0968062373693686
288,14,temperate,mixed_aging,1267,22541680,0.9393582749831683
289,14,hot_desert,mixed_aging,1389,22549599,0.8564119727507196
290,14,hot_desert,thermal_aging,1074,22557518,1.054638250159491
291,14,temperate,thermal_aging,1328,22565437,0.9347136296921696
292,14,hot_desert,thermal_aging,1090,22573356,1.0254395607434008
293,14,cold,lubrication_degradation,1177,22581275,1.0189515985601378
294,14,temperate,mixed_aging,1391,22589194,0.8540105983685657
295,14,cold,thermal_aging,1316,22597113,0.9099370290833376
296,14,temperate,thermal_aging,1521,22605032,0.7586222102659115
297,14,cold,transmission_wear,1197,22612951,1.0059623185050441
298,14,cold,thermal_aging,959,22620870,1.1523083381953465
299,14,hot_desert,lubrication_degradation,1347,22628789,0.8649393763928992
300,14,hot_desert,transmission_wear,1189,22636708,0.9731917121400779
301,15,cold,lubrication_degradation,994,22644627,1.1560607767666133
302,15,temperate,transmission_wear,951,22652546,1.176516482028131
303,15,temperate,thermal_aging,1042,22660465,1.064744799776486
304,15,hot_desert,thermal_aging,1480,22668384,0.7853663587261951
305,15,temperate,lubrication_degradation,1267,22676303,0.9238525354866236
306,15,hot_desert,lubrication_degradation,1184,22684222,0.9340448377830985
307,15,cold,thermal_aging,1117,22692141,1.0502250216886073
308,15,hot_desert,thermal_aging,1361,22700060,0.8840081674569621
309,15,hot_desert,mixed_aging,914,22707979,1.2675995148759658
310,15,temperate,transmission_wear,1242,22715898,0.9042638545664546
311,15,high_altitude,lubrication_degradation,1351,22723817,0.8813310061724171
312,15,hot_desert,lubrication_degradation,1121,22731736,1.0335298183582342
313,15,temperate,transmission_wear,1019,22739655,1.1134213147339682
314,15,temperate,lubrication_degradation,1600,22747574,0.68
315,15,temperate,thermal_aging,1106,22755493,1.0729303688264724
316,15,temperate,thermal_aging,1240,22763412,0.9603315489032357
317,15,temperate,transmission_wear,1266,22771331,0.9205031866399838
318,15,high_altitude,thermal_aging,1094,22779250,1.1336647577128378
319,15,high_altitude,lubrication_degradation,1004,22787169,1.1478945236653506
320,15,high_altitude,lubrication_degradation,1392,22795088,0.8114744236394746
321,16,hot_desert,thermal_aging,1241,22803007,0.9296179357570113
322,16,temperate,thermal_aging,1380,22810926,0.8303944792736309
323,16,temperate,thermal_aging,1362,22818845,0.8671188637745582
324,16,high_altitude,lubrication_degradation,868,22826764,1.172140979039928
325,16,temperate,thermal_aging,1338,22834683,0.9288731919158403
326,16,temperate,thermal_aging,1340,22842602,0.8630455792165078
327,16,high_altitude,thermal_aging,959,22850521,1.207809612431311
328,16,hot_desert,transmission_wear,849,22858440,1.413478165905323
329,16,hot_desert,lubrication_degradation,1146,22866359,1.004134731607873
330,16,cold,thermal_aging,1192,22874278,0.9710191148561226
331,16,hot_desert,lubrication_degradation,1117,22882197,1.0386840661105405
332,16,temperate,mixed_aging,818,22890116,1.4181483238772388
333,16,temperate,transmission_wear,1262,22898035,0.8852278017918436
334,16,temperate,thermal_aging,1432,22905954,0.7946182912524702
335,16,temperate,transmission_wear,1575,22913873,0.7490391398618447
336,16,high_altitude,lubrication_degradation,916,22921792,1.2763898897862154
337,16,temperate,mixed_aging,1600,22929711,0.7081259653738322
338,16,temperate,mixed_aging,1010,22937630,1.0851947614729949
339,16,hot_desert,thermal_aging,1175,22945549,1.0387870895795677
340,16,temperate,mixed_aging,1464,22953468,0.818557844884697
341,17,cold,lubrication_degradation,1434,22961387,0.8619066324549356
342,17,temperate,thermal_aging,1208,22969306,0.9512073298295298
343,17,cold,thermal_aging,1169,22977225,0.9685632238726569
344,17,hot_desert,lubrication_degradation,1301,22985144,0.8326772536700928
345,17,temperate,transmission_wear,1214,22993063,0.8994236530920391
346,17,cold,lubrication_degradation,961,23000982,1.2109439770482548
347,17,temperate,mixed_aging,1025,23008901,1.130153189865762
348,17,high_altitude,thermal_aging,1051,23016820,1.0845626502330623
349,17,cold,mixed_aging,1252,23024739,0.9618055388796178
350,17,temperate,thermal_aging,1130,23032658,1.012460011712848
351,17,hot_desert,thermal_aging,1270,23040577,0.8650793801102348
352,17,temperate,transmission_wear,1043,23048496,1.0888235840552067
353,17,high_altitude,thermal_aging,1384,23056415,0.8388067288364672
354,17,hot_desert,lubrication_degradation,780,23064334,1.42
355,17,temperate,transmission_wear,1324,23072253,0.8853868003075263
356,17,hot_desert,thermal_aging,1060,23080172,1.1131814251321843
357,17,cold,mixed_aging,1087,23088091,1.0392427352691713
358,17,temperate,transmission_wear,1151,23096010,1.0216958567600358
359,17,temperate,transmission_wear,985,23103929,1.1275998920042942
360,17,hot_desert,lubrication_degradation,1245,23111848,0.9504411576748412
361,18,temperate,transmission_wear,1600,23119767,0.68
362,18,temperate,lubrication_degradation,1229,23127686,0.9255538131368153
363,18,hot_desert,transmission_wear,1287,23135605,0.8517593582229355
364,18,high_altitude,transmission_wear,1291,23143524,0.9210261664527778
365,18,hot_desert,lubrication_degradation,1232,23151443,0.9802113965777364
366,18,cold,transmission_wear,1357,23159362,0.8757183688504677
367,18,hot_desert,thermal_aging,1427,23167281,0.8384159143734592
368,18,hot_desert,lubrication_degradation,1122,23175200,1.020154549127821
369,18,temperate,thermal_aging,1205,23183119,0.8837592254328537
370,18,cold,transmission_wear,1126,23191038,0.9491495129720774
371,18,temperate,thermal_aging,922,23198957,1.1860590454885998
372,18,cold,transmission_wear,1140,23206876,1.067599725805895
373,18,high_altitude,transmission_wear,1425,23214795,0.807647861464539
374,18,temperate,lubrication_degradation,1233,23222714,1.0064054282605681
375,18,cold,transmission_wear,1130,23230633,1.048817936793099
376,18,temperate,thermal_aging,1184,23238552,0.9427545773459667
377,18,hot_desert,lubrication_degradation,913,23246471,1.25375062505646
378,18,cold,thermal_aging,1375,23254390,0.8308631892786973
379,18,hot_desert,lubrication_degradation,1224,23262309,0.9261432249301178
380,18,hot_desert,lubrication_degradation,1026,23270228,1.1543581439925807
381,19,high_altitude,thermal_aging,1448,23278147,0.7997190128261132
382,19,temperate,thermal_aging,1144,23286066,1.0355376074181861
383,19,hot_desert,transmission_wear,1149,23293985,1.0221203360126925
384,19,temperate,lubrication_degradation,1001,23301904,1.1294116089850372
385,19,hot_desert,thermal_aging,1060,23309823,1.052027675974085
386,19,temperate,mixed_aging,1600,23317742,0.7013678128348346
387,19,temperate,mixed_aging,1069,23325661,1.0722861009517788
388,19,hot_desert,lubrication_degradation,1121,23333580,1.0461816574498417
389,19,temperate,lubrication_degradation,1516,23341499,0.7353642486238289
390,19,high_altitude,mixed_aging,1296,23349418,0.8654720662506121
391,19,temperate,thermal_aging,842,23357337,1.3876326827940788
392,19,temperate,thermal_aging,1093,23365256,1.0521529109341525
393,19,temperate,transmission_wear,1139,23373175,0.9756207340841411
394,19,temperate,transmission_wear,923,23381094,1.2928129376715687
395,19,hot_desert,lubrication_degradation,969,23389013,1.23528747462625
396,19,temperate,transmission_wear,1599,23396932,0.7149257441447867
397,19,temperate,lubrication_degradation,1288,23404851,0.9179212987006383
398,19,hot_desert,thermal_aging,1060,23412770,1.0646599231610931
399,19,hot_desert,transmission_wear,1225,23420689,0.9937468315786063
400,19,temperate,thermal_aging,885,23428608,1.3566578778284257
401,20,hot_desert,mixed_aging,1143,23436527,1.0238289263032954
402,20,high_altitude,lubrication_degradation,1362,23444446,0.8877733725368423
403,20,hot_desert,lubrication_degradation,1051,23452365,1.0578831450977277
404,20,temperate,lubrication_degradation,1001,23460284,1.1764510841225593
405,20,cold,thermal_aging,967,23468203,1.1632419460674917
406,20,hot_desert,lubrication_degradation,1321,23476122,0.8426167618228525
407,20,hot_desert,thermal_aging,1137,23484041,1.022309369501328
408,20,cold,transmission_wear,1162,23491960,0.97111972839857
409,20,temperate,mixed_aging,1056,23499879,1.0505288036724685
410,20,hot_desert,lubrication_degradation,917,23507798,1.1068086774764299
411,20,cold,thermal_aging,1398,23515717,0.8164106021240592
412,20,high_altitude,thermal_aging,936,23523636,1.1356350631229262
413,20,temperate,transmission_wear,1070,23531555,1.0962411618182641
414,20,temperate,mixed_aging,1062,23539474,1.0837926557842037
415,20,high_altitude,mixed_aging,1097,23547393,1.0473662189251878
416,20,temperate,transmission_wear,1168,23555312,0.9725064135355428
417,20,temperate,thermal_aging,1147,23563231,1.0055913839697976
418,20,hot_desert,lubrication_degradation,1049,23571150,1.158599005882085
419,20,temperate,mixed_aging,1256,23579069,0.9484902820495279
420,20,temperate,mixed_aging,1217,23586988,0.9496829541641727
421,21,temperate,mixed_aging,1353,23594907,0.8981072363991831
422,21,temperate,thermal_aging,985,23602826,1.274252157554254
423,21,hot_desert,thermal_aging,1081,23610745,1.1265495001209767
424,21,temperate,mixed_aging,973,23618664,1.203516391210441
425,21,temperate,mixed_aging,1099,23626583,1.0758984628074024
426,21,temperate,transmission_wear,1298,23634502,0.8997969557224291
427,21,hot_desert,thermal_aging,1277,23642421,0.8756924823436678
428,21,temperate,thermal_aging,843,23650340,1.42
429,21,temperate,lubrication_degradation,1000,23658259,1.1269657840852387
430,21,temperate,thermal_aging,834,23666178,1.3649173293778203
431,21,hot_desert,thermal_aging,1221,23674097,0.950714004168706
432,21,temperate,lubrication_degradation,904,23682016,1.2487720840766372
433,21,high_altitude,mixed_aging,1014,23689935,1.162781931959615
434,21,temperate,thermal_aging,1206,23697854,0.9387079023039323
435,21,cold,thermal_aging,1242,23705773,1.0004368330416595
436,21,temperate,thermal_aging,1102,23713692,1.091408206223799
437,21,temperate,thermal_aging,892,23721611,1.3181331573150206
438,21,hot_desert,thermal_aging,802,23729530,1.3751263437634365
439,21,temperate,lubrication_degradation,1466,23737449,0.7565627367243105
440,21,temperate,lubrication_degradation,1204,23745368,0.983600558539829
441,22,cold,mixed_aging,971,23753287,1.2091168504112646
442,22,cold,mixed_aging,1127,23761206,0.940759617615001
443,22,cold,lubrication_degradation,1152,23769125,1.0209787350567856
444,22,temperate,thermal_aging,1202,23777044,0.9257555412737691
445,22,temperate,lubrication_degradation,1091,23784963,1.068021931402364
446,22,temperate,thermal_aging,1143,23792882,1.0192676356695587
447,22,temperate,lubrication_degradation,1130,23800801,1.0470117582907321
448,22,temperate,lubrication_degradation,1161,23808720,1.0043549785946222
449,22,temperate,transmission_wear,1342,23816639,0.8670725965574922
450,22,hot_desert,mixed_aging,956,23824558,1.1656839539956727
451,22,temperate,transmission_wear,1029,23832477,1.0761770075067487
452,22,hot_desert,transmission_wear,1119,23840396,1.0263176636906604
453,22,temperate,transmission_wear,1379,23848315,0.8633670851512489
454,22,temperate,thermal_aging,980,23856234,1.228093612715285
455,22,high_altitude,thermal_aging,1083,23864153,1.0613492318042423
456,22,temperate,lubrication_degradation,1421,23872072,0.8138964650377313
457,22,temperate,thermal_aging,1527,23879991,0.74501026282954
458,22,temperate,lubrication_degradation,1157,23887910,1.0128593323095383
459,22,temperate,thermal_aging,1480,23895829,0.8404196534887644
460,22,high_altitude,transmission_wear,1223,23903748,0.9984696853033678
461,23,temperate,mixed_aging,1440,23911667,0.8356987466953999
462,23,temperate,mixed_aging,1123,23919586,1.0214983584302775
463,23,temperate,lubrication_degradation,1116,23927505,1.118737461713686
464,23,temperate,transmission_wear,1164,23935424,0.9691797246717211
465,23,temperate,mixed_aging,1162,23943343,0.9866469316258625
466,23,cold,lubrication_degradation,1092,23951262,1.0748316001024791
467,23,cold,lubrication_degradation,1304,23959181,0.9345160615489562
468,23,hot_desert,transmission_wear,1107,23967100,1.0372499056808784
469,23,hot_desert,lubrication_degradation,885,23975019,1.42
470,23,temperate,lubrication_degradation,976,23982938,1.1586718774075238
471,23,temperate,mixed_aging,1096,23990857,1.0646175277149756
472,23,temperate,thermal_aging,970,23998776,1.1859880672389749
473,23,hot_desert,mixed_aging,818,24006695,1.42
474,23,hot_desert,transmission_wear,878,24014614,1.1823941139744698
475,23,temperate,thermal_aging,1156,24022533,1.0040992647365576
476,23,temperate,transmission_wear,1527,24030452,0.8132539727458463
477,23,cold,thermal_aging,1118,24038371,1.012369481448468
478,23,temperate,transmission_wear,1369,24046290,0.8762403588807117
479,23,temperate,mixed_aging,1166,24054209,0.9930511691638974
480,23,temperate,mixed_aging,1058,24062128,1.041625188011651
481,24,temperate,lubrication_degradation,1229,24070047,0.9740309763438623
482,24,high_altitude,lubrication_degradation,1454,24077966,0.8001992596627477
483,24,hot_desert,thermal_aging,976,24085885,1.2605424520781245
484,24,temperate,lubrication_degradation,1086,24093804,1.030333442566029
485,24,high_altitude,lubrication_degradation,1097,24101723,1.055859346247282
486,24,high_altitude,thermal_aging,1193,24109642,0.9457369364910516
487,24,temperate,lubrication_degradation,955,24117561,1.2751887379350133
488,24,hot_desert,transmission_wear,1007,24125480,1.1493717800546592
489,24,cold,transmission_wear,1335,24133399,0.8593385214764956
490,24,cold,lubrication_degradation,848,24141318,1.361956724563282
491,24,temperate,mixed_aging,1071,24149237,1.1102690471781262
492,24,temperate,lubrication_degradation,1304,24157156,0.8975774809152974
493,24,temperate,transmission_wear,1155,24165075,1.0438710511523044
494,24,temperate,transmission_wear,1162,24172994,0.9572580848350187
495,24,cold,lubrication_degradation,1069,24180913,1.1477025089571182
496,24,temperate,transmission_wear,1100,24188832,1.0451587660843948
497,24,high_altitude,lubrication_degradation,1181,24196751,0.9773626884692009
498,24,temperate,thermal_aging,1104,24204670,1.1106746626327524
499,24,high_altitude,thermal_aging,1235,24212589,0.9145237502756479
500,24,temperate,lubrication_degradation,1166,24220508,1.0489260045280766
501,25,high_altitude,lubrication_degradation,1241,24228427,0.931954075925606
502,25,hot_desert,lubrication_degradation,1354,24236346,0.9236624570932835
503,25,high_altitude,lubrication_degradation,1378,24244265,0.843780367106144
504,25,hot_desert,mixed_aging,1433,24252184,0.7877272571762552
505,25,temperate,lubrication_degradation,962,24260103,1.1976183421722304
506,25,cold,mixed_aging,1388,24268022,0.8193364140739239
507,25,temperate,transmission_wear,1337,24275941,0.8927306010480881
508,25,temperate,transmission_wear,1071,24283860,1.051779443718426
509,25,temperate,mixed_aging,1116,24291779,1.0208006946693442
510,25,hot_desert,mixed_aging,1223,24299698,0.9332357777650941
511,25,temperate,lubrication_degradation,1023,24307617,1.175034026492464
512,25,high_altitude,lubrication_degradation,1403,24315536,0.8540093777193026
513,25,temperate,thermal_aging,1048,24323455,1.1940492886917042
514,25,cold,lubrication_degradation,1449,24331374,0.7843185027594077
515,25,hot_desert,lubrication_degradation,1185,24339293,1.007473067196741
516,25,temperate,transmission_wear,797,24347212,1.42
517,25,temperate,lubrication_degradation,1356,24355131,0.8057699890838251
518,25,temperate,thermal_aging,927,24363050,1.3044600848326913
519,25,temperate,lubrication_degradation,1180,24370969,1.0159985491971628
520,25,temperate,lubrication_degradation,1327,24378888,0.8805855413991976
521,26,hot_desert,thermal_aging,1234,24386807,0.917547437435159
522,26,hot_desert,mixed_aging,757,24394726,1.3749965680044811
523,26,hot_desert,mixed_aging,807,24402645,1.42
524,26,temperate,lubrication_degradation,944,24410564,1.2097962241857643
525,26,temperate,thermal_aging,1239,24418483,0.9212264349462193
526,26,temperate,thermal_aging,1463,24426402,0.7837933189814803
527,26,cold,mixed_aging,1182,24434321,1.0028845231983072
528,26,hot_desert,mixed_aging,981,24442240,1.1492603443447325
529,26,temperate,lubrication_degradation,1301,24450159,0.866897763809147
530,26,temperate,thermal_aging,1366,24458078,0.8721852085469016
531,26,hot_desert,lubrication_degradation,1301,24465997,0.873544943342317
532,26,hot_desert,thermal_aging,1011,24473916,1.1594115753523453
533,26,temperate,mixed_aging,1226,24481835,0.9479976525210498
534,26,temperate,thermal_aging,958,24489754,1.3112570736366234
535,26,temperate,mixed_aging,1188,24497673,0.9995470443566634
536,26,temperate,transmission_wear,1194,24505592,0.9557826389050753
537,26,high_altitude,mixed_aging,982,24513511,1.120685402074073
538,26,temperate,mixed_aging,955,24521430,1.1486654687318296
539,26,high_altitude,lubrication_degradation,1095,24529349,0.9797183924524977
540,26,temperate,lubrication_degradation,1065,24537268,1.0352725430430039
541,27,hot_desert,thermal_aging,1498,24545187,0.7705937469928121
542,27,cold,lubrication_degradation,1173,24553106,0.9661550082224605
543,27,temperate,thermal_aging,1043,24561025,1.0873798438818307
544,27,temperate,transmission_wear,1310,24568944,0.9306019884157042
545,27,temperate,mixed_aging,1073,24576863,1.075330607763727
546,27,high_altitude,transmission_wear,1234,24584782,0.9371220702813816
547,27,hot_desert,mixed_aging,1112,24592701,1.0149523975646269
548,27,high_altitude,mixed_aging,974,24600620,1.159516373135915
549,27,temperate,thermal_aging,840,24608539,1.3322296162418084
550,27,cold,lubrication_degradation,1319,24616458,0.8683274561980919
551,27,temperate,transmission_wear,1294,24624377,0.8711798739420885
552,27,temperate,thermal_aging,1450,24632296,0.8053930318554151
553,27,hot_desert,thermal_aging,1134,24640215,0.9974036154727453
554,27,high_altitude,lubrication_degradation,1150,24648134,1.0470253439715624
555,27,temperate,transmission_wear,1035,24656053,1.0669547551908731
556,27,high_altitude,mixed_aging,1374,24663972,0.8402157929031997
557,27,cold,transmission_wear,1391,24671891,0.8410549023167696
558,27,temperate,lubrication_degradation,870,24679810,1.327154739951635
559,27,temperate,thermal_aging,1600,24687729,0.7135997163336825
560,27,temperate,mixed_aging,801,24695648,1.317948340854369
561,28,high_altitude,lubrication_degradation,1264,24703567,0.9166487145077911
562,28,temperate,lubrication_degradation,1200,24711486,0.9985265189282199
563,28,cold,lubrication_degradation,1322,24719405,0.8416983409730078
564,28,temperate,lubrication_degradation,1215,24727324,1.0152604191470216
565,28,temperate,lubrication_degradation,1373,24735243,0.858410145209459
566,28,hot_desert,transmission_wear,1308,24743162,0.9559007522140857
567,28,temperate,mixed_aging,1309,24751081,0.8806799613284424
568,28,hot_desert,lubrication_degradation,894,24759000,1.2298856689928581
569,28,hot_desert,lubrication_degradation,1069,24766919,1.0759922183707291
570,28,high_altitude,mixed_aging,1277,24774838,0.8913432793775955
571,28,cold,lubrication_degradation,1448,24782757,0.8469057953742862
572,28,temperate,mixed_aging,1080,24790676,1.033853624372385
573,28,hot_desert,mixed_aging,1043,24798595,1.1494156432122915
574,28,hot_desert,mixed_aging,1435,24806514,0.8067516789564068
575,28,temperate,lubrication_degradation,1060,24814433,1.0260354147120871
576,28,temperate,thermal_aging,1303,24822352,0.9063510324262001
577,28,hot_desert,transmission_wear,1053,24830271,1.13605163819479
578,28,temperate,thermal_aging,1221,24838190,0.9963406440352931
579,28,temperate,thermal_aging,1279,24846109,0.9127712145073704
580,28,hot_desert,lubrication_degradation,1323,24854028,0.8758686916841455
581,29,cold,mixed_aging,1215,24861947,0.9775478858194445
582,29,hot_desert,thermal_aging,1157,24869866,1.046742937511494
583,29,hot_desert,thermal_aging,1336,24877785,0.9079527440670538
584,29,high_altitude,thermal_aging,937,24885704,1.2101761627012113
585,29,temperate,mixed_aging,1188,24893623,0.9853781580205039
586,29,hot_desert,transmission_wear,1053,24901542,1.0707663955920697
587,29,high_altitude,thermal_aging,1464,24909461,0.8074146338857467
588,29,hot_desert,thermal_aging,1228,24917380,0.9300720217918811
589,29,high_altitude,thermal_aging,1048,24925299,1.1590524162815692
590,29,cold,transmission_wear,1039,24933218,1.082338972477704
591,29,temperate,lubrication_degradation,1392,24941137,0.8101027424599772
592,29,hot_desert,mixed_aging,1041,24949056,1.0978789924094792
593,29,temperate,lubrication_degradation,1501,24956975,0.8388361114958134
594,29,hot_desert,lubrication_degradation,950,24964894,1.0615004820352083
595,29,high_altitude,thermal_aging,1134,24972813,1.0937803487017324
596,29,high_altitude,thermal_aging,1112,24980732,1.0387614077862934
597,29,cold,transmission_wear,990,24988651,1.2562357444470256
598,29,high_altitude,lubrication_degradation,1203,24996570,0.9672622417813693
599,29,high_altitude,mixed_aging,1436,25004489,0.8533275466905882
600,29,cold,mixed_aging,1083,25012408,1.0675469027418216
601,30,temperate,lubrication_degradation,1155,25020327,0.9917086829756732
602,30,temperate,transmission_wear,1106,25028246,1.0448460795316739
603,30,temperate,thermal_aging,1035,25036165,1.0910029722131802
604,30,high_altitude,lubrication_degradation,1170,25044084,0.9376277034206794
605,30,temperate,lubrication_degradation,1239,25052003,0.9269507622423738
606,30,temperate,thermal_aging,1381,25059922,0.8704079961772824
607,30,temperate,mixed_aging,983,25067841,1.0409048140639319
608,30,hot_desert,thermal_aging,973,25075760,1.162298086669046
609,30,hot_desert,mixed_aging,1213,25083679,0.9993387599530135
610,30,hot_desert,mixed_aging,1279,25091598,0.9443826686861226
611,30,cold,mixed_aging,1148,25099517,1.0198703652117962
612,30,temperate,transmission_wear,1270,25107436,0.8903481154999735
613,30,temperate,lubrication_degradation,950,25115355,1.1954856445339692
614,30,temperate,lubrication_degradation,1518,25123274,0.7854257282462931
615,30,hot_desert,mixed_aging,995,25131193,1.1722117052822214
616,30,temperate,mixed_aging,992,25139112,1.209960499707039
617,30,temperate,thermal_aging,1198,25147031,0.9357362974330506
618,30,cold,mixed_aging,1082,25154950,1.0435417526257442
619,30,temperate,thermal_aging,1382,25162869,0.8903328609746763
620,30,hot_desert,thermal_aging,1006,25170788,1.2574175252963946
621,31,cold,thermal_aging,1299,25178707,0.9549684901336097
622,31,temperate,mixed_aging,1200,25186626,0.9775911690378026
623,31,hot_desert,thermal_aging,1410,25194545,0.831750879690167
624,31,temperate,transmission_wear,1108,25202464,0.9620523804096369
625,31,hot_desert,mixed_aging,1225,25210383,0.9887821338491155
626,31,temperate,mixed_aging,930,25218302,1.1895814339512507
627,31,hot_desert,thermal_aging,1023,25226221,1.143622162492459
628,31,temperate,thermal_aging,1049,25234140,1.1152329252791333
629,31,high_altitude,thermal_aging,1407,25242059,0.7998368006907309
630,31,temperate,lubrication_degradation,1416,25249978,0.8302038341197151
631,31,high_altitude,lubrication_degradation,769,25257897,1.42
632,31,temperate,thermal_aging,815,25265816,1.3665997206388643
633,31,high_altitude,lubrication_degradation,1513,25273735,0.7921565319240544
634,31,temperate,thermal_aging,1251,25281654,0.9348243517317141
635,31,hot_desert,lubrication_degradation,1076,25289573,1.0920967351509254
636,31,temperate,lubrication_degradation,1113,25297492,1.007567735614036
637,31,temperate,thermal_aging,1108,25305411,1.1178118939681538
638,31,high_altitude,thermal_aging,1100,25313330,1.0054959386700066
639,31,cold,mixed_aging,1105,25321249,1.039072124029847
640,31,temperate,lubrication_degradation,1370,25329168,0.8283493185556133
641,32,hot_desert,thermal_aging,1281,25337087,0.9863395070503819
642,32,cold,lubrication_degradation,1246,25345006,0.8961868172102663
643,32,temperate,thermal_aging,1156,25352925,1.066162373100117
644,32,temperate,transmission_wear,1238,25360844,0.9375503820882627
645,32,hot_desert,transmission_wear,1026,25368763,1.1072170953690212
646,32,cold,lubrication_degradation,1600,25376682,0.7061025647713094
647,32,hot_desert,lubrication_degradation,1219,25384601,0.9630162919271847
648,32,hot_desert,mixed_aging,1008,25392520,1.3040674378443864
649,32,cold,mixed_aging,1270,25400439,0.8928792290327549
650,32,cold,mixed_aging,1049,25408358,1.094982187528443
651,32,hot_desert,thermal_aging,923,25416277,1.1997266393859134
652,32,temperate,thermal_aging,1262,25424196,0.9673119665401962
653,32,cold,thermal_aging,1248,25432115,0.9168121663566475
654,32,high_altitude,transmission_wear,1036,25440034,1.1100892192010994
655,32,temperate,thermal_aging,1238,25447953,0.9399116723022916
656,32,temperate,transmission_wear,1301,25455872,0.906970296570628
657,32,cold,thermal_aging,1471,25463791,0.7907043650483888
658,32,high_altitude,thermal_aging,818,25471710,1.42
659,32,hot_desert,transmission_wear,1351,25479629,0.8613067686392938
660,32,hot_desert,thermal_aging,1070,25487548,1.0467456666763812
661,33,temperate,thermal_aging,1351,25495467,0.8913170712742995
662,33,cold,mixed_aging,1143,25503386,1.0258250746011532
663,33,temperate,lubrication_degradation,1360,25511305,0.8351795256693312
664,33,cold,thermal_aging,1113,25519224,0.999313677024664
665,33,high_altitude,thermal_aging,1109,25527143,1.0339979316624743
666,33,high_altitude,thermal_aging,896,25535062,1.2887749639951278
667,33,hot_desert,lubrication_degradation,975,25542981,1.2029574141715715
668,33,temperate,lubrication_degradation,1314,25550900,0.9191995497104868
669,33,temperate,thermal_aging,1200,25558819,0.9445398429714676
670,33,cold,lubrication_degradation,1285,25566738,0.9362061052430601
671,33,temperate,lubrication_degradation,1031,25574657,1.042089581715301
672,33,temperate,lubrication_degradation,1033,25582576,1.1036409330657562
673,33,temperate,thermal_aging,1224,25590495,0.9597300352968062
674,33,high_altitude,lubrication_degradation,1600,25598414,0.7335162975132372
675,33,hot_desert,lubrication_degradation,1219,25606333,0.9735403740590111
676,33,temperate,lubrication_degradation,1067,25614252,1.0849304999360752
677,33,temperate,lubrication_degradation,1356,25622171,0.9167858565264447
678,33,hot_desert,transmission_wear,1401,25630090,0.8300780867065913
679,33,cold,lubrication_degradation,1329,25638009,0.8584257799085749
680,33,high_altitude,mixed_aging,1111,25645928,1.0354282227995988
681,34,high_altitude,thermal_aging,1201,25653847,1.0056559137284722
682,34,hot_desert,lubrication_degradation,1226,25661766,0.9154987264338135
683,34,hot_desert,mixed_aging,1092,25669685,1.047986263443092
684,34,temperate,mixed_aging,1103,25677604,1.0547801275846211
685,34,cold,lubrication_degradation,1297,25685523,0.8666359571780409
686,34,temperate,mixed_aging,1510,25693442,0.7342002078854115
687,34,temperate,lubrication_degradation,1334,25701361,0.8567840157206181
688,34,temperate,thermal_aging,1497,25709280,0.7739923378729231
689,34,temperate,lubrication_degradation,983,25717199,1.2045344048496682
690,34,temperate,transmission_wear,1509,25725118,0.7949640273148357
691,34,temperate,lubrication_degradation,1413,25733037,0.8028859091002719
692,34,hot_desert,thermal_aging,1021,25740956,1.125819129416939
693,34,temperate,lubrication_degradation,1075,25748875,1.0645730947580498
694,34,hot_desert,transmission_wear,1057,25756794,1.1190944212154352
695,34,hot_desert,transmission_wear,1177,25764713,0.9789859617343939
696,34,hot_desert,thermal_aging,1393,25772632,0.7925401011290881
697,34,temperate,thermal_aging,1194,25780551,0.9793929360894222
698,34,high_altitude,thermal_aging,1077,25788470,1.1191488305149662
699,34,temperate,thermal_aging,1300,25796389,0.9522693593079917
700,34,hot_desert,lubrication_degradation,1197,25804308,0.9098587646102664
701,35,hot_desert,lubrication_degradation,1087,25812227,1.018408826089304
702,35,temperate,lubrication_degradation,1085,25820146,1.1370443763082034
703,35,hot_desert,mixed_aging,1420,25828065,0.8638239350674146
704,35,temperate,mixed_aging,997,25835984,1.1302473632877459
705,35,temperate,thermal_aging,814,25843903,1.3077419540916788
706,35,high_altitude,lubrication_degradation,790,25851822,1.42
707,35,hot_desert,transmission_wear,1232,25859741,0.9575980124670855
708,35,temperate,transmission_wear,1002,25867660,1.1343034925223465
709,35,hot_desert,thermal_aging,988,25875579,1.1710904437181224
710,35,temperate,thermal_aging,1376,25883498,0.9130861595656959
711,35,temperate,lubrication_degradation,1177,25891417,0.9725468039258711
712,35,temperate,lubrication_degradation,955,25899336,1.0934841958700192
713,35,high_altitude,transmission_wear,817,25907255,1.42
714,35,temperate,transmission_wear,1408,25915174,0.8350560672299231
715,35,temperate,mixed_aging,1320,25923093,0.8985336955425973
716,35,hot_desert,thermal_aging,865,25931012,1.3036763550805692
717,35,high_altitude,transmission_wear,1138,25938931,1.011597282884737
718,35,cold,transmission_wear,842,25946850,1.3386043779543655
719,35,high_altitude,mixed_aging,991,25954769,1.205909778619644
720,35,temperate,thermal_aging,1600,25962688,0.68
721,36,temperate,mixed_aging,1058,25970607,1.1313303753361945
722,36,hot_desert,lubrication_degradation,1514,25978526,0.8237648063011653
723,36,temperate,mixed_aging,1141,25986445,1.0473959845243337
724,36,temperate,mixed_aging,1240,25994364,0.9335623022885917
725,36,hot_desert,transmission_wear,1270,26002283,0.9294727937550029
726,36,temperate,mixed_aging,1005,26010202,1.1776971788180555
727,36,temperate,transmission_wear,1177,26018121,0.9604324424455143
728,36,temperate,transmission_wear,1239,26026040,0.9666139091614915
729,36,high_altitude,transmission_wear,1600,26033959,0.6826754953631362
730,36,temperate,thermal_aging,1419,26041878,0.7628523200495726
731,36,hot_desert,transmission_wear,1170,26049797,0.985764609572503
732,36,hot_desert,transmission_wear,957,26057716,1.231525200795667
733,36,temperate,mixed_aging,1415,26065635,0.8087555976938854
734,36,hot_desert,lubrication_degradation,1414,26073554,0.8172223338499061
735,36,temperate,mixed_aging,1241,26081473,0.9067963438594199
736,36,temperate,mixed_aging,1276,26089392,0.9252591728087475
737,36,cold,transmission_wear,1563,26097311,0.7404657053244234
738,36,high_altitude,thermal_aging,1600,26105230,0.68
739,36,hot_desert,transmission_wear,1306,26113149,0.9238160917239248
740,36,cold,transmission_wear,1448,26121068,0.8153502712284881
741,37,cold,lubrication_degradation,1140,26128987,0.9555792852693735
742,37,temperate,mixed_aging,1365,26136906,0.8653389123223744
743,37,temperate,thermal_aging,1524,26144825,0.7780224035690644
744,37,temperate,lubrication_degradation,1026,26152744,1.11087789565474
745,37,hot_desert,mixed_aging,866,26160663,1.392485399609267
746,37,hot_desert,lubrication_degradation,1151,26168582,0.9542801465543328
747,37,hot_desert,lubrication_degradation,1058,26176501,1.0873792916573224
748,37,temperate,mixed_aging,1322,26184420,0.8767761055795801
749,37,high_altitude,thermal_aging,1074,26192339,1.106146311087951
750,37,temperate,lubrication_degradation,921,26200258,1.2621458413905207
751,37,high_altitude,mixed_aging,1020,26208177,1.1505706767780224
752,37,hot_desert,lubrication_degradation,1056,26216096,1.0710566936630823
753,37,cold,lubrication_degradation,1254,26224015,0.8752391745925059
754,37,hot_desert,lubrication_degradation,1222,26231934,0.9680857519132847
755,37,cold,lubrication_degradation,1118,26239853,1.1152143804239305
756,37,temperate,transmission_wear,1287,26247772,0.9302004345828379
757,37,temperate,lubrication_degradation,1069,26255691,1.1098881225861583
758,37,temperate,lubrication_degradation,1293,26263610,0.9295361920098049
759,37,hot_desert,lubrication_degradation,871,26271529,1.3724137114270387
760,37,hot_desert,thermal_aging,1393,26279448,0.8172965584969452
761,38,hot_desert,thermal_aging,1358,26287367,0.8497360259143606
762,38,cold,transmission_wear,1216,26295286,1.0588003851882213
763,38,high_altitude,lubrication_degradation,1071,26303205,1.0546505541336808
764,38,hot_desert,transmission_wear,1159,26311124,0.9843241898702113
765,38,temperate,lubrication_degradation,1396,26319043,0.8301946327725354
766,38,cold,transmission_wear,974,26326962,1.1455623317398278
767,38,temperate,thermal_aging,1308,26334881,0.8657600400909136
768,38,temperate,thermal_aging,845,26342800,1.3464944934901841
769,38,hot_desert,thermal_aging,1140,26350719,1.042657312058226
770,38,hot_desert,transmission_wear,824,26358638,1.3261335804030248
771,38,high_altitude,transmission_wear,1194,26366557,0.9684887533147145
772,38,high_altitude,mixed_aging,1600,26374476,0.7303864244178586
773,38,cold,thermal_aging,976,26382395,1.1326680497067685
774,38,temperate,transmission_wear,944,26390314,1.2013957424230306
775,38,hot_desert,thermal_aging,982,26398233,1.168318618751086
776,38,hot_desert,mixed_aging,1352,26406152,0.8888868562152783
777,38,temperate,lubrication_degradation,1244,26414071,0.9759709203260352
778,38,hot_desert,lubrication_degradation,1279,26421990,0.9829837380726882
779,38,temperate,lubrication_degradation,1363,26429909,0.8664338653943058
780,38,temperate,lubrication_degradation,1000,26437828,1.187875814397116
781,39,hot_desert,transmission_wear,1268,26445747,0.885498096975238
782,39,temperate,lubrication_degradation,1191,26453666,0.9360466034231925
783,39,cold,mixed_aging,1233,26461585,0.9372399879329619
784,39,cold,mixed_aging,1230,26469504,0.9136765898102965
785,39,high_altitude,transmission_wear,1138,26477423,1.103552237733136
786,39,temperate,mixed_aging,1494,26485342,0.7980766555498117
787,39,high_altitude,lubrication_degradation,1000,26493261,1.2057636418227204
788,39,temperate,mixed_aging,1206,26501180,0.9421104035583587
789,39,hot_desert,thermal_aging,1347,26509099,0.9043305838313752
790,39,temperate,mixed_aging,991,26517018,1.245836559637243
791,39,temperate,transmission_wear,1404,26524937,0.8237834974007162
792,39,hot_desert,transmission_wear,1600,26532856,0.6976237400323932
793,39,temperate,thermal_aging,1151,26540775,0.9654915180705863
794,39,temperate,lubrication_degradation,1311,26548694,0.8735506781256595
795,39,high_altitude,mixed_aging,1346,26556613,0.9408854328878458
796,39,temperate,transmission_wear,1583,26564532,0.762824483025725
797,39,temperate,thermal_aging,1354,26572451,0.8655180153935127
798,39,cold,transmission_wear,920,26580370,1.203479461258861
799,39,hot_desert,thermal_aging,901,26588289,1.2919993365507605
800,39,hot_desert,lubrication_degradation,1368,26596208,0.8175811554852924
