engine_id,timestamp_min,engine_rpm,transmission_rpm,engine_coolant_temp_c,transmission_oil_temp_c,engine_oil_pressure_bar,clutch_pressure_bar,solenoid_current_a,vehicle_speed_kph,service_hours_since_overhaul
681,0,1782.19,1435.13,90.6656,79.6296,4.84472,11.1715,1.39447,34.4249,0.0
681,1,1731.89,1400.79,92.5765,76.6087,4.82222,11.1266,1.3654,33.1556,0.0166667
681,2,1760.06,1387.08,92.7309,79.5403,4.67583,11.2862,1.29429,36.257,0.0333333
681,3,,1415.46,89.6326,78.159,4.82538,11.2497,1.35552,34.6438,0.05
681,4,,1349.57,88.9863,76.4797,4.73901,10.8488,1.27618,35.1534,0.0666667
681,5,,1304.65,86.2992,74.9858,4.75207,10.4453,1.1353,31.7002,0.0833333
681,6,,1071.56,87.1117,72.242,4.77939,10.3644,1.15782,25.1823,0.1
681,7,,1109.45,91.5772,72.5559,4.69478,10.0194,1.2198,24.9895,0.116667
681,8,1604.56,1084.27,89.3209,75.4656,4.6102,9.56742,1.15579,27.6645,0.133333
681,9,1627.22,1304.75,87.7496,73.7182,4.64146,10.2545,1.10757,29.6285,0.15
681,10,1662.76,1320.36,89.9988,75.3956,4.66541,10.5552,1.18314,33.4198,0.166667
681,11,1716.48,1359.51,90.2194,77.0525,4.63898,10.8158,1.03497,31.8625,0.183333
681,12,1683.47,1371.48,90.7708,76.4839,4.64998,10.4573,1.14939,32.8284,0.2
681,13,1654.34,1322.58,86.3964,76.6463,4.73723,10.3919,1.16144,29.7802,0.216667
681,14,1626.3,1299.88,89.2309,75.5785,4.6214,10.3624,1.20701,31.6774,0.233333
681,15,1661.03,1321.63,91.2889,76.4844,4.56,10.2441,1.18743,29.9023,0.25
681,16,1711.62,1375.65,93.2855,75.4029,4.82253,10.9183,1.20512,35.1633,0.266667
681,17,1662.69,1334.65,90.1668,76.1821,4.78842,10.5096,1.21823,35.8808,0.283333
681,18,1804.57,1443.63,95.1622,75.6332,4.82981,11.5294,1.30965,35.9829,0.3
681,19,1789.44,1435.68,94.3,78.5609,4.88143,11.5689,1.37266,35.3525,0.316667
681,20,1796.36,1444.41,92.738,79.4866,4.79598,11.449,1.34865,34.649,0.333333
681,21,1901.58,1534.86,94.8697,78.9419,4.72061,12.4155,1.45478,38.0849,0.35
681,22,1846.05,1484.63,95.0573,78.9295,4.99482,11.4695,1.401,34.792,0.366667
681,23,1834.02,1469.56,93.6573,79.0209,4.90482,11.8417,1.45408,34.3589,0.383333
681,24,1752.24,1409.85,93.7955,75.6215,4.66282,10.8959,1.2305,32.5171,0.4
681,25,1731.93,1372.0,92.2586,77.0734,4.83335,11.2315,1.29607,31.5713,0.416667
681,26,1659.46,1323.19,90.0024,77.2822,4.59353,10.7674,1.19333,30.7178,0.433333
681,27,1851.23,1482.93,94.9117,78.2807,4.89166,11.8269,1.43972,35.2927,0.45
681,28,1763.67,1399.69,92.2494,77.2703,4.61682,11.0768,1.31805,33.8333,0.466667
681,29,1800.42,1440.37,93.016,78.2827,4.86054,11.4665,1.36279,34.9327,0.483333
681,30,1763.61,1426.36,93.7196,76.4956,4.83447,11.184,1.30597,36.2412,0.5
681,31,1653.98,1311.43,88.6724,78.6616,4.62813,10.4852,1.16113,31.8209,0.516667
681,32,1634.67,1282.92,89.3404,76.424,4.54761,10.448,1.22738,28.6288,0.533333
681,33,1836.02,1445.87,94.7821,79.3128,4.92226,11.7287,1.3602,33.6878,0.55
681,34,1786.04,1421.71,96.9083,79.4282,4.81022,11.4957,1.33183,34.0008,0.566667
681,35,1818.51,1441.16,94.2286,79.0337,4.74533,11.7102,1.41174,34.8941,0.583333
681,36,1786.54,1428.53,93.6548,77.8201,4.8098,11.1192,1.26703,34.3431,0.6
681,37,1823.69,1472.37,96.1298,80.0854,4.7651,12.0549,1.37125,34.4315,0.616667
681,38,1879.63,1495.76,97.4298,80.8506,4.82103,12.2186,1.3564,32.405,0.633333
681,39,1820.45,1447.54,97.3445,77.4323,4.8128,11.6266,1.39853,33.6402,0.65
681,40,1708.59,1361.59,92.9888,78.2658,4.68016,10.9014,1.2762,31.7543,0.666667
681,41,1744.32,1396.61,95.9394,78.2858,4.68837,10.8924,1.36963,33.9426,0.683333
681,42,1661.54,1317.03,89.3579,77.8907,4.74472,10.5354,1.15566,34.1,0.7
681,43,1660.8,1328.33,88.6892,76.541,4.74394,10.8134,1.31577,30.4019,0.716667
681,44,1641.14,1331.74,90.7124,76.3858,4.71113,10.4508,1.22266,31.8532,0.733333
681,45,1665.01,1321.72,91.6431,76.5985,4.63107,10.4842,1.25807,32.1372,0.75
681,46,1817.11,1464.98,95.2476,79.5666,4.77267,11.881,1.43741,36.0952,0.766667
681,47,1698.73,1344.09,93.185,78.235,4.82218,10.7504,1.30009,30.6892,0.783333
681,48,1804.25,1427.67,93.8076,76.9095,4.85444,11.9899,1.39601,30.6639,0.8
681,49,1792.39,1425.84,93.4457,77.7691,4.83424,11.637,1.27976,35.8091,0.816667
681,50,1869.34,1496.91,94.4184,82.1289,5.06479,12.2787,1.48094,34.8865,0.833333
681,51,1898.45,1499.43,94.8176,81.9489,5.00286,12.0081,1.45843,32.6888,0.85
681,52,1754.64,1426.69,93.6426,78.6922,4.72859,11.2314,1.43485,34.1285,0.866667
681,53,1800.26,1444.92,94.3112,76.343,4.72026,11.743,1.44653,33.6133,0.883333
681,54,1787.06,1458.69,93.3641,75.8507,4.83632,11.5521,1.42448,34.3764,0.9
681,55,1827.01,1463.44,93.2536,79.2463,4.78298,11.7518,1.43407,35.4818,0.916667
681,56,1756.42,1402.92,95.2783,80.2081,4.76755,11.8909,1.40497,34.9326,0.933333
681,57,1786.33,1449.31,93.9437,79.165,4.75426,11.4492,1.38764,36.3277,0.95
681,58,1596.04,1254.16,90.2548,74.6901,4.61606,10.2067,1.15114,29.3943,0.966667
681,59,1070.73,725.187,79.8124,68.3815,4.30774,6.28829,0.750497,12.5706,0.983333
681,60,1151.76,803.422,79.5056,67.566,4.18379,6.94883,0.814686,17.8327,1.0
681,61,1234.32,871.37,82.3937,68.6862,4.37173,,0.962186,17.7588,1.01667
681,62,1175.63,826.539,80.7929,67.443,4.23165,,0.794159,17.2562,1.03333
681,63,1286.97,869.813,81.9585,69.8554,4.28906,,0.897791,19.0256,1.05
681,64,1309.39,889.565,81.9469,71.2401,4.51649,,0.851051,20.7382,1.06667
681,65,1226.01,821.722,79.4064,69.722,4.40535,,0.876875,18.7245,1.08333
681,66,1251.59,861.169,82.9401,69.0175,4.44281,,0.889875,16.198,1.1
681,67,1264.82,837.959,80.2479,66.5731,4.27015,,0.764944,21.1152,1.11667
681,68,1215.54,833.976,79.9676,67.5016,4.22201,,0.871546,18.2281,1.13333
681,69,1139.3,800.572,79.039,69.0362,4.12901,6.92636,0.752088,19.6286,1.15
681,70,1224.33,823.049,78.9501,66.8861,4.43619,7.83562,0.785359,15.9859,1.16667
681,71,1232.46,850.072,81.3066,66.5414,4.32704,7.47867,0.80083,18.2504,1.18333
681,72,1158.26,793.731,78.4224,68.1702,4.43135,6.5891,0.7219,18.0312,1.2
681,73,1078.49,753.467,77.2023,66.7798,4.12423,6.59222,0.74522,12.6928,1.21667
681,74,1272.41,847.085,80.2111,69.9153,4.41482,7.83219,0.882499,18.6046,1.23333
681,75,1361.06,919.107,82.4863,71.7764,4.49859,8.07747,0.965469,16.8899,1.25
681,76,1352.57,935.479,84.7286,71.1699,4.44761,8.4324,0.893102,19.522,1.26667
681,77,1347.53,925.107,82.1697,71.6083,4.39231,8.72744,0.99304,20.2147,1.28333
681,78,1462.14,984.887,83.9118,70.7939,4.62275,8.73753,1.02697,21.4078,1.3
681,79,1441.1,982.733,82.6761,74.4192,4.61511,8.69869,1.04653,19.882,1.31667
681,80,1385.55,948.385,79.9003,70.4175,4.52349,8.6042,0.937598,21.1594,1.33333
681,81,1280.84,868.837,79.365,68.3308,4.25414,8.03788,0.886416,16.439,1.35
681,82,1309.29,897.771,79.9145,68.3553,4.35885,7.83308,0.866194,19.7334,1.36667
681,83,1326.28,887.068,80.7433,71.8065,4.42288,8.39828,0.898172,22.1635,1.38333
681,84,1315.05,877.673,77.6199,71.7797,4.38297,7.94502,0.837089,16.4178,1.4
681,85,1329.64,934.66,81.0619,68.9561,4.38618,8.36229,0.925167,20.7242,1.41667
681,86,1316.62,871.651,78.3434,71.3611,4.31284,7.90134,0.923271,17.3202,1.43333
681,87,1332.79,891.803,81.7526,71.0063,4.5356,7.96528,0.859813,14.1542,1.45
681,88,1268.53,881.857,80.3859,70.3186,4.27724,7.54379,0.978996,16.0111,1.46667
681,89,1210.28,800.323,77.4229,67.5852,4.31076,7.27244,0.741286,20.422,1.48333
681,90,1206.6,809.664,76.3932,69.3978,4.3173,6.77855,0.826808,17.0795,1.5
681,91,1135.32,768.953,77.8679,66.0617,4.30076,6.86056,0.787473,20.5402,1.51667
681,92,1108.03,739.849,73.4496,64.6626,4.25735,6.42922,0.678913,14.1267,1.53333
681,93,1808.16,1457.23,91.7481,79.476,4.74322,11.7103,1.3945,35.088,1.55
681,94,1864.57,1486.52,93.0011,80.4601,4.79237,11.991,1.48892,35.0506,1.56667
681,95,1734.12,1390.02,92.051,77.3875,4.72585,11.058,1.27687,33.4437,1.58333
681,96,1853.97,1498.24,90.4743,79.1208,4.86827,12.0912,1.43901,35.6935,1.6
681,97,1913.92,1518.86,95.0026,79.1095,4.91487,12.0769,1.50829,38.6774,1.61667
681,98,1778.9,1443.14,90.9394,76.9339,4.851,11.5132,1.2987,32.3762,1.63333
681,99,1385.1,945.585,81.6287,70.6628,4.4873,8.32905,1.06829,20.5965,1.65
681,100,1359.33,922.325,77.8763,70.0658,4.32115,7.56749,0.934486,22.3102,1.66667
681,101,1362.52,927.767,79.9402,68.5833,4.45923,8.27664,0.934225,18.5446,1.68333
681,102,1394.52,963.874,80.6013,70.8611,4.62697,8.71166,0.922515,21.159,1.7
681,103,1355.35,903.528,80.4167,70.1171,4.73538,8.32043,0.966176,18.7354,1.71667
681,104,1325.54,900.354,82.0374,69.0772,4.40851,7.94776,0.915095,20.1656,1.73333
681,105,1375.99,932.39,81.9267,72.7573,4.2919,8.39,0.937265,23.6445,1.75
681,106,1328.39,885.807,78.6263,68.6562,4.55261,7.88527,0.920264,20.2696,1.76667
681,107,1417.22,934.191,82.8446,73.009,4.54171,8.36403,0.928676,20.6092,1.78333
681,108,1403.32,935.801,81.1447,69.3044,4.56081,8.45263,0.932282,20.5885,1.8
681,109,1417.63,941.947,80.5015,71.4404,4.56084,8.39202,0.996837,19.3902,1.81667
681,110,1380.59,922.824,82.4134,69.8043,4.40173,8.25237,0.934869,16.6844,1.83333
681,111,1395.7,965.275,78.6911,71.667,4.46326,8.1493,0.94052,21.7424,1.85
681,112,1310.39,887.762,78.318,71.5287,4.4084,8.03399,0.846777,16.5204,1.86667
681,113,1436.52,986.651,80.1437,72.7569,4.4767,8.86096,0.951599,22.8873,1.88333
681,114,1390.38,968.963,81.1213,70.3925,4.31669,8.43656,0.979371,21.8148,1.9
681,115,1325.05,896.833,79.6998,66.0727,4.6119,,0.910547,18.142,1.91667
681,116,1319.22,898.921,77.9962,69.5845,4.50744,,0.87538,15.9922,1.93333
681,117,1245.25,870.422,76.9066,69.1838,4.22143,,0.807068,14.56,1.95
681,118,1291.48,852.193,77.3403,68.6931,4.39086,,0.818892,16.5421,1.96667
681,119,1277.42,858.892,79.186,68.6805,4.2573,,0.857089,17.0806,1.98333
681,120,1345.59,924.185,79.0812,69.2515,4.57187,,0.880529,18.9517,2.0
681,121,1316.34,881.73,81.3467,71.4884,4.24639,8.34289,0.91883,22.0301,2.01667
681,122,1268.31,856.969,78.3768,68.7321,4.33193,7.53672,0.806937,15.9171,2.03333
681,123,1281.47,876.509,93.3779,69.0046,4.38535,7.94106,0.867972,19.5158,2.05
681,124,1365.23,907.823,82.0651,71.1328,4.40027,8.27227,0.959923,18.6651,2.06667
681,125,1311.16,887.001,81.5471,70.1169,4.47816,8.19354,0.960668,22.3452,2.08333
681,126,1469.14,989.887,81.4638,74.5694,4.67144,9.12918,1.08644,19.2601,2.1
681,127,1432.55,964.913,82.408,74.2471,4.49557,8.77355,0.983393,21.1431,2.11667
681,128,1526.46,1024.66,84.75,72.3277,4.40882,9.29079,1.13125,27.7588,2.13333
681,129,1493.65,1041.92,85.8412,74.5499,4.58296,9.25781,1.12045,23.3679,2.15
681,130,1424.95,968.586,82.3827,72.3641,4.34099,8.78999,0.991998,19.0834,2.16667
681,131,1363.12,907.048,79.6133,69.9351,4.41292,8.70988,0.961271,18.1278,2.18333
681,132,1285.09,883.138,79.6934,70.498,4.55363,7.67631,0.815946,20.3982,2.2
681,133,1349.79,927.24,81.0209,71.8886,4.55066,8.31931,0.936727,21.2382,2.21667
681,134,1437.38,977.932,82.2643,72.8954,4.51492,8.85596,0.957558,19.6792,2.23333
681,135,1319.48,872.551,81.0052,69.7444,4.56392,8.04449,0.929089,16.8969,2.25
681,136,1306.52,892.134,81.063,72.3185,4.47175,7.85779,0.838816,16.9863,2.26667
681,137,1327.98,894.837,82.2302,72.0052,4.5173,8.2662,0.916615,16.9414,2.28333
681,138,1268.24,872.413,79.2875,69.9756,4.45815,7.84722,0.903913,19.5296,2.3
681,139,1215.8,845.861,77.3186,68.4014,4.32642,7.33878,0.860494,22.7549,2.31667
681,140,1262.4,858.944,79.7629,71.1896,4.32835,8.0922,0.889378,18.3663,2.33333
681,141,1304.95,888.684,79.505,69.4837,4.34538,7.8425,0.981572,15.4221,2.35
681,142,1193.89,799.129,74.6944,69.2353,4.21604,7.17541,0.803046,18.1354,2.36667
681,143,1227.86,846.617,74.7775,68.1527,4.22025,7.51252,0.775381,15.6019,2.38333
681,144,1220.48,810.399,78.5024,65.6212,4.10546,7.30462,0.774556,19.3717,2.4
681,145,1185.0,793.283,78.35,66.1283,4.22846,7.26666,0.830183,19.8781,2.41667
681,146,1220.14,846.477,77.5414,69.7502,4.36799,7.32529,0.852575,18.055,2.43333
681,147,1278.41,871.11,82.9211,68.646,4.366,7.90148,0.872502,17.8205,2.45
681,148,1471.98,999.856,84.1373,73.9343,4.58234,9.33255,1.15741,22.0724,2.46667
681,149,1481.27,994.381,83.7662,73.1548,4.49785,9.10623,0.96632,21.4744,2.48333
681,150,809.418,419.445,69.5625,61.9237,4.03243,4.59195,0.533437,0.0,2.5
681,151,881.316,456.564,69.8472,62.3383,4.08122,4.54096,0.515013,0.0,2.51667
681,152,766.149,395.711,68.4484,60.2034,3.9004,4.16896,0.378723,0.0,2.53333
681,153,772.121,409.07,69.5261,59.5506,4.00812,4.14813,0.306552,0.0,2.55
681,154,761.67,407.217,71.3112,62.1577,3.85956,3.82737,0.330738,0.0,2.56667
681,155,810.73,398.414,71.9367,60.4997,3.91535,4.32096,0.392191,0.0,2.58333
681,156,751.955,379.103,68.1373,60.6324,3.80599,4.15125,0.439876,0.0,2.6
681,157,795.477,444.65,69.481,60.5596,3.82844,4.29724,0.357735,0.0,2.61667
681,158,814.009,402.519,68.8873,60.3243,3.8665,4.22235,0.376563,0.0,2.63333
681,159,884.47,468.147,73.9532,64.4841,4.09434,5.0493,0.454935,0.0,2.65
681,160,866.25,446.251,71.6058,63.1233,4.11124,4.67605,0.524125,0.0,2.66667
681,161,921.588,483.972,73.3737,61.6737,4.02813,5.00152,0.457032,0.0,2.68333
681,162,896.332,471.089,70.0654,63.7817,3.90679,4.89926,0.474698,0.0,2.7
681,163,834.851,430.226,70.1529,61.4814,3.75322,4.38177,0.468145,0.0,2.71667
681,164,719.34,376.281,68.7162,58.5955,3.7312,3.75501,0.347434,0.0,2.73333
681,165,731.772,388.894,68.9874,59.5462,3.66775,3.52578,,0.0,2.75
681,166,667.96,366.464,66.318,57.978,3.70992,2.98221,0.233266,0.0,2.76667
681,167,666.512,349.047,67.7689,58.5196,3.78917,3.134,0.322723,0.0,2.78333
681,168,646.043,341.989,68.0869,58.5642,3.56197,2.84602,0.271821,0.0,2.8
681,169,650.874,372.217,66.0186,58.6741,3.70723,3.00586,0.202299,0.0,2.81667
681,170,643.037,321.801,67.0481,58.3368,3.76203,2.95309,0.179739,0.0,2.83333
681,171,657.964,353.698,67.2879,58.0019,3.74209,3.04376,0.204895,0.0,2.85
681,172,649.649,330.716,65.5009,57.4626,3.50804,3.09389,0.241807,0.0,2.86667
681,173,646.82,321.035,67.712,57.6454,3.78463,2.76212,0.308546,0.0,2.88333
681,174,617.498,312.46,68.0716,57.8226,3.57237,2.65117,0.260585,0.139656,2.9
681,175,654.933,357.401,67.4765,57.5516,3.69994,3.1277,0.189459,0.0,2.91667
681,176,649.005,348.903,66.9389,57.6436,3.7668,2.79044,0.211973,0.0,2.93333
681,177,649.764,371.516,67.6427,58.3899,3.74188,2.95101,0.281605,0.0,2.95
681,178,659.431,342.28,67.2579,56.4227,3.79177,3.01995,0.247474,0.0,2.96667
681,179,652.954,357.863,67.5749,58.2663,3.53968,3.1928,0.108721,0.0,2.98333
681,180,654.124,342.952,66.8074,57.9017,3.58225,3.04163,0.309314,0.0,3.0
681,181,643.643,345.814,68.0267,56.2614,3.77726,2.76145,0.236442,0.0,3.01667
681,182,655.876,309.823,67.3754,57.0459,3.57328,2.88978,0.105211,-0.34965,3.03333
681,183,743.3,368.633,68.495,61.848,3.72849,3.80406,0.297616,0.0,3.05
681,184,810.71,435.975,70.504,61.6093,3.88711,4.26435,0.325128,0.0,3.06667
681,185,798.495,435.848,70.4059,59.3481,3.85337,4.07792,0.408005,0.0,3.08333
681,186,814.799,421.637,70.6666,58.9759,3.91297,4.60435,0.410559,0.0,3.1
681,187,882.14,445.54,73.6284,63.6164,3.99312,4.79006,0.402392,0.0,3.11667
681,188,883.481,462.315,73.7506,62.0839,4.02319,4.41499,0.420068,0.0553291,3.13333
681,189,880.007,450.878,73.5832,65.3364,4.03507,4.33961,0.488316,0.0,3.15
681,190,946.631,472.684,76.4748,63.7284,3.98389,5.03522,0.526552,0.0,3.16667
681,191,953.801,482.952,76.346,63.5054,4.06556,5.12392,0.56153,0.0,3.18333
681,192,1589.4,1083.57,88.3181,72.4345,4.7009,10.0344,1.22862,27.0984,3.2
681,193,1546.9,1055.53,88.3414,74.7095,4.54936,9.37816,1.12756,26.7028,3.21667
681,194,1575.65,1101.97,89.6527,75.3774,4.5309,10.0137,1.22517,24.263,3.23333
681,195,1602.1,1084.41,90.5565,75.4935,4.77885,10.1798,1.19606,24.8004,3.25
681,196,1543.31,1080.7,89.0503,74.3583,4.70093,9.34636,1.1313,25.6917,3.26667
681,197,1474.5,1012.65,90.4174,72.5824,4.53771,8.85497,0.960895,16.6782,3.28333
681,198,1463.77,984.596,86.6594,71.4842,4.50775,8.9849,1.06269,21.8028,3.3
681,199,1510.17,1014.8,90.2711,75.4938,4.4124,9.28931,1.0972,20.8797,3.31667
681,200,1529.78,1048.22,87.158,75.0164,4.63178,9.2954,1.11121,26.3076,3.33333
681,201,1499.2,1034.87,88.3623,73.0888,4.58828,9.20319,1.11394,21.6639,3.35
681,202,1498.3,1012.41,89.5917,74.4927,4.51244,9.33141,1.03821,22.7044,3.36667
681,203,1568.87,1080.24,87.502,74.4871,4.62954,10.0123,1.15825,26.5216,3.38333
681,204,1581.64,1085.84,90.372,74.4672,4.58464,9.87102,1.12266,27.5433,3.4
681,205,1480.37,1009.87,89.4752,75.2983,4.49137,9.34229,1.09177,21.7569,3.41667
681,206,1493.27,988.659,89.7757,73.6724,4.57072,8.84837,1.07498,18.6089,3.43333
681,207,1410.81,951.661,85.7886,71.3386,4.35783,8.54554,0.981047,20.1722,3.45
681,208,1410.22,937.616,84.6297,71.5339,4.52326,8.95554,1.00619,20.6874,3.46667
681,209,1292.65,868.629,83.0553,72.0744,4.24775,8.12468,0.864879,19.2764,3.48333
681,210,1273.23,866.487,81.7549,70.0693,4.36692,7.8979,0.928916,17.2048,3.5
681,211,1160.16,766.762,80.7137,68.6691,4.39585,6.95521,0.708403,15.3653,3.51667
681,212,1177.74,786.917,80.0178,68.6055,4.14332,7.11494,0.832623,18.6262,3.53333
681,213,1201.76,842.135,82.198,71.1148,4.36164,7.25629,0.796782,16.8014,3.55
681,214,1110.69,,79.8728,68.1632,4.15871,6.8309,0.743977,15.0877,3.56667
681,215,1200.92,815.277,81.5055,66.9753,4.26794,6.95021,0.818936,14.9271,3.58333
681,216,2121.45,1898.6,101.749,84.5991,4.87153,14.5204,1.88955,35.2467,3.6
681,217,2107.32,1886.68,103.07,83.9606,4.85959,13.9348,1.71954,32.8662,3.61667
681,218,2155.54,1940.93,103.072,87.1438,4.8106,14.2925,1.77696,36.837,3.63333
681,219,2186.66,1972.41,103.648,86.6531,4.74893,14.5124,1.81368,35.0343,3.65
681,220,2105.72,1888.27,101.229,84.7933,4.99414,13.8819,1.71141,31.1665,3.66667
681,221,2101.8,1892.56,103.105,85.3406,4.8818,13.679,1.70537,30.5008,3.68333
681,222,2048.72,1852.07,102.534,84.2268,4.84547,13.2914,1.58527,31.0822,3.7
681,223,2034.67,1827.01,101.542,83.0945,4.87249,13.1017,1.68243,32.9346,3.71667
681,224,1997.29,1791.73,99.1883,83.7548,4.86389,13.1205,1.65572,29.9781,3.73333
681,225,1999.01,1790.59,101.655,85.5215,4.74837,13.1647,1.68123,29.0494,3.75
681,226,2061.83,1840.58,103.988,83.002,4.85944,13.4086,1.71508,33.1161,3.76667
681,227,2183.74,1959.42,103.062,87.263,4.85012,14.2132,1.82031,33.961,3.78333
681,228,2085.91,1866.13,101.725,84.4714,4.86417,13.3507,1.66803,31.3361,3.8
681,229,2173.59,1976.77,104.123,87.5445,4.87433,14.428,1.7932,33.2741,3.81667
681,230,2251.51,2035.56,106.679,88.7528,4.88805,15.0966,1.92641,33.7027,3.83333
681,231,2246.32,2014.61,102.75,88.5844,5.04283,14.3243,1.83262,34.817,3.85
681,232,2241.75,2032.04,104.157,87.9525,4.84302,14.7038,1.86754,39.3223,3.86667
681,233,2243.11,2019.01,105.692,88.2904,4.86481,14.8693,1.81407,33.8763,3.88333
681,234,2255.79,2001.74,103.055,89.6795,5.00509,14.9928,1.91177,35.5513,3.9
681,235,2279.72,2063.24,105.65,86.8178,4.95581,15.0531,1.9128,35.3456,3.91667
681,236,2219.79,2009.19,102.163,89.7096,4.91117,14.7984,1.8822,37.7415,3.93333
681,237,2107.42,1899.26,102.854,84.3133,4.83859,14.0092,1.80637,36.8592,3.95
681,238,1162.98,771.27,78.8271,68.213,4.22238,7.01885,0.898574,13.9244,3.96667
681,239,1270.88,884.748,80.9309,70.1115,4.21477,7.55586,0.868192,18.9871,3.98333
681,240,1241.97,865.98,80.0332,71.0144,4.26685,7.32872,0.762383,19.2756,4.0
681,241,1285.02,856.97,82.2962,70.3157,4.31479,7.95902,0.914186,19.3235,4.01667
681,242,1426.01,981.224,82.2161,73.8553,4.57934,8.57514,0.965758,22.7487,4.03333
681,243,1477.82,1003.4,87.4979,73.0464,4.46098,9.08112,1.01348,21.5381,4.05
681,244,1419.18,963.142,82.9728,74.6752,4.59154,8.81397,1.16557,19.0372,4.06667
681,245,1479.81,1002.32,85.4605,73.9068,4.52869,8.8793,1.02124,23.5562,4.08333
681,246,1391.74,968.958,84.707,76.7916,4.33216,8.56064,1.00642,22.7539,4.1
681,247,1382.83,920.726,82.54,70.9691,4.32331,8.17526,0.989771,18.0009,4.11667
681,248,1301.04,880.335,81.2827,69.7946,4.39084,7.97737,0.939372,18.5062,4.13333
681,249,1254.58,852.241,82.5564,71.9928,4.27874,7.41895,0.867669,17.7769,4.15
681,250,1271.83,856.854,78.0093,70.243,4.27628,7.49347,0.929131,15.6325,4.16667
681,251,1236.59,832.045,79.8378,71.0757,4.26092,7.1971,0.812556,16.3795,4.18333
681,252,1202.24,808.022,76.5612,68.5941,4.10364,6.95593,0.763742,18.9446,4.2
681,253,1180.98,801.815,76.0179,70.5488,4.40193,6.8195,0.698786,19.0406,4.21667
681,254,1178.85,792.991,77.3688,69.4344,4.20305,6.56792,0.753646,16.907,4.23333
681,255,1167.09,781.899,78.7422,68.0866,4.31871,6.53594,0.716352,16.1707,4.25
681,256,1234.92,838.125,73.9088,68.1321,4.20443,7.19298,0.769048,22.2223,4.26667
681,257,1286.24,876.719,78.3756,68.2617,4.18195,7.55049,0.8409,16.8964,4.28333
681,258,1384.52,946.563,82.1323,72.1782,4.55831,8.63314,0.979858,20.372,4.3
681,259,1305.8,890.572,80.2129,69.8378,4.37143,7.73231,0.870618,17.2693,4.31667
681,260,1255.01,850.368,79.7827,69.1783,4.2077,7.19096,0.887878,15.6904,4.33333
681,261,1372.61,920.764,81.5479,70.1811,4.44249,8.26881,1.01284,17.6744,4.35
681,262,1362.09,910.209,81.995,71.2701,4.39773,8.11552,1.00232,15.7584,4.36667
681,263,1474.04,992.759,84.1176,71.6905,4.37291,8.70074,1.0835,21.2395,4.38333
681,264,1437.87,975.959,81.3603,73.7667,4.41273,8.73998,0.991394,21.8281,4.4
681,265,1394.1,943.723,80.0826,71.5311,4.44945,8.41747,0.962175,20.7814,4.41667
681,266,1362.87,957.282,78.8193,70.7145,4.3766,8.13004,0.923529,19.3191,4.43333
681,267,1293.21,908.751,80.7342,69.9276,4.43489,7.34049,0.86819,18.8407,4.45
681,268,1353.22,893.492,81.4957,70.1485,4.33523,7.87989,0.910234,17.1062,4.46667
681,269,1492.8,1020.37,82.5951,73.825,4.55492,9.05254,1.01983,21.9831,4.48333
681,270,1411.88,950.279,79.9538,72.3274,4.38575,8.18686,0.984694,18.1964,4.5
681,271,1178.72,786.174,79.2445,69.4975,4.29364,6.93585,0.942345,17.9071,4.51667
681,272,1259.35,866.526,78.9356,71.2152,4.32477,7.25039,0.929163,18.6611,4.53333
681,273,1385.9,945.405,81.1512,70.6068,4.38199,8.236,0.940029,18.6121,4.55
681,274,1442.29,976.255,81.9419,71.7938,4.63344,8.7283,1.08497,20.0716,4.56667
681,275,1552.41,1010.03,83.9045,77.3729,4.50857,9.3779,1.13528,24.2316,4.58333
681,276,1492.19,1016.14,83.6869,73.1559,4.49288,9.3279,1.04652,18.0939,4.6
681,277,1354.16,931.246,80.656,71.4909,4.29485,8.18371,0.897124,19.9909,4.61667
681,278,1296.54,874.219,83.5993,70.174,4.36756,7.85812,0.938709,19.6294,4.63333
681,279,1252.65,843.816,80.9745,69.7666,4.13388,7.49796,0.808425,17.3145,4.65
681,280,1232.08,840.081,77.809,66.7643,4.32042,7.28664,0.81307,17.1831,4.66667
681,281,1366.19,911.504,80.7634,71.8914,4.18605,8.26509,1.0403,16.0981,4.68333
681,282,1367.77,925.914,81.3885,70.3521,4.32062,8.07557,0.968365,20.2695,4.7
681,283,1404.74,946.094,82.3245,72.9584,4.44032,8.3413,0.961361,15.6417,4.71667
681,284,1488.84,997.718,83.6043,75.7735,4.44881,9.25604,1.08818,18.8096,4.73333
681,285,1573.96,1070.21,88.1931,76.7356,4.52361,9.83996,1.21263,26.7815,4.75
681,286,1398.19,947.13,81.3079,72.2775,4.46148,8.78696,0.981365,23.101,4.76667
681,287,1431.65,953.638,86.1123,72.9393,4.50262,8.37036,0.937923,20.732,4.78333
681,288,1440.57,984.502,85.9864,73.3775,4.38396,9.2302,1.0412,20.7816,4.8
681,289,1466.77,990.654,84.1316,74.3175,4.50432,8.89086,1.0195,18.0909,4.81667
681,290,1426.06,958.811,84.0421,73.1307,4.53523,8.70775,1.0351,20.8831,4.83333
681,291,1384.43,938.001,84.247,72.6075,4.19165,8.94785,1.00003,19.6798,4.85
681,292,1390.74,955.835,80.3335,73.9255,4.42544,8.05577,0.913752,20.1253,4.86667
681,293,1350.9,914.956,83.3039,72.5894,4.51317,8.07919,0.980559,18.845,4.88333
681,294,1236.74,831.783,79.8217,70.0601,4.2449,7.18181,0.915879,17.5351,4.9
681,295,1177.1,789.793,79.5909,68.9418,4.10215,7.04661,,17.3033,4.91667
681,296,1250.35,850.253,80.4765,69.2229,4.39421,7.31717,,17.7388,4.93333
681,297,1286.87,862.675,81.6761,72.9128,4.24644,8.17741,,17.1499,4.95
681,298,1312.0,885.389,84.0389,71.5949,4.45998,8.36277,,21.7551,4.96667
681,299,1355.18,932.626,81.9596,73.7219,4.40291,8.09147,,17.1009,4.98333
681,300,1295.32,861.758,81.1316,68.4581,4.4909,7.81686,,17.0141,5.0
681,301,1293.43,896.668,81.5113,71.9866,4.5128,7.88685,,20.6534,5.01667
681,302,1382.74,941.686,83.175,72.1862,4.49249,8.25415,,19.4341,5.03333
681,303,1414.31,981.521,83.0208,73.5555,4.4309,8.95605,,19.9891,5.05
681,304,1368.78,913.037,82.069,73.1819,4.48951,8.1856,,20.7168,5.06667
681,305,1356.13,918.323,81.9647,73.0069,4.3915,8.50914,,18.1955,5.08333
681,306,1301.17,893.213,83.3055,71.3538,4.2611,7.95111,,21.0587,5.1
681,307,1265.2,857.414,80.2282,69.9575,4.23479,7.41913,,19.7286,5.11667
681,308,1311.69,891.196,81.6904,73.2677,4.35601,8.06,,16.2304,5.13333
681,309,1273.16,881.085,82.5259,67.3624,4.37513,7.4998,,19.7447,5.15
681,310,1301.45,852.086,81.136,71.0529,4.22867,8.00894,,19.3537,5.16667
681,311,1320.24,889.453,81.2877,70.6255,4.32966,7.9152,1.02728,18.4477,5.18333
681,312,1240.13,850.475,82.4182,71.0875,4.08763,7.24049,0.94667,14.4603,5.2
681,313,1300.4,887.807,80.9032,71.7509,4.24796,7.79421,0.904982,19.4848,5.21667
681,314,1295.88,869.497,82.602,71.5849,4.25096,7.96897,0.92292,18.3659,5.23333
681,315,1200.18,814.428,78.9844,70.3072,4.08095,7.01747,0.768037,14.5121,5.25
681,316,1158.93,752.568,77.6269,65.5531,4.3542,6.6867,0.74159,17.163,5.26667
681,317,1025.18,521.889,75.7766,66.3437,4.05716,6.06869,0.656448,11.8333,5.28333
681,318,1029.95,535.263,75.288,66.4136,3.86692,5.82672,0.606401,10.4286,5.3
681,319,1097.54,749.325,75.854,67.1926,4.07434,6.45654,0.679714,15.2533,5.31667
681,320,1156.99,773.475,77.6792,69.2356,4.34121,6.51476,0.787771,15.8247,5.33333
681,321,1350.11,914.378,84.2356,72.0584,4.27882,8.15001,0.982745,20.2937,5.35
681,322,1249.87,852.585,82.4,68.9082,4.33145,7.36483,0.924003,19.5259,5.36667
681,323,1188.27,798.651,81.7033,70.146,4.20835,7.07806,0.832478,19.1506,5.38333
681,324,1269.88,856.035,83.7008,70.0334,4.3755,7.60112,0.845834,18.8696,5.4
681,325,1199.47,788.064,83.5848,69.5164,4.17838,6.91067,0.852857,16.5241,5.41667
681,326,1092.32,745.474,76.711,66.7064,4.12876,6.4759,0.737096,17.0197,5.43333
681,327,1097.96,751.463,77.6937,65.0078,4.30773,6.45052,0.719712,16.1364,5.45
681,328,1091.7,770.963,78.9922,66.2633,4.20342,6.41376,0.647649,13.5126,5.46667
681,329,1009.97,546.654,75.0563,63.3559,3.86069,5.78869,0.646683,11.5059,5.48333
681,330,1069.87,557.367,77.0066,68.2179,3.94029,6.24551,0.679168,7.67989,5.5
681,331,1100.43,719.124,79.7978,67.747,4.05746,6.39457,0.729591,12.6982,5.51667
681,332,1158.72,773.817,79.7362,67.1001,4.18805,6.78079,0.772349,14.8769,5.53333
681,333,1149.83,785.92,80.609,68.1967,4.0838,6.58326,0.727476,15.7386,5.55
681,334,1324.06,883.431,82.753,70.0297,4.32614,7.54236,0.874103,20.252,5.56667
681,335,1199.8,824.352,80.7625,68.21,4.22214,6.69247,0.829421,19.2373,5.58333
681,336,1108.65,766.725,78.257,67.5428,4.13214,6.69063,0.819463,16.6669,5.6
681,337,1117.39,788.019,77.4864,67.2905,3.88448,6.34863,0.713052,15.5368,5.61667
681,338,1128.45,771.959,79.3036,66.6432,4.13227,6.24475,0.71588,16.8922,5.63333
681,339,1229.53,794.01,80.7828,68.5305,4.16886,6.99019,0.803453,16.7032,5.65
681,340,1119.19,755.082,77.3298,65.1618,4.0244,6.29191,0.733883,19.2659,5.66667
681,341,1119.88,744.679,79.8245,67.7672,4.14322,6.59701,0.714693,13.552,5.68333
681,342,1143.18,787.884,76.7867,68.1249,4.12152,6.3065,0.814543,14.444,5.7
681,343,1166.14,790.364,81.4281,67.9606,4.23943,6.62015,0.687567,17.8513,5.71667
681,344,1242.78,848.209,81.868,68.0862,4.35975,7.32879,0.854438,18.5702,5.73333
681,345,1170.79,786.661,79.9707,68.5718,3.92195,6.78793,0.765111,16.3696,5.75
681,346,1187.87,806.305,80.8411,67.836,4.25396,6.68694,0.868801,13.3641,5.76667
681,347,1171.52,779.129,80.5773,69.5052,4.11786,7.02927,0.848693,19.4242,5.78333
681,348,1188.07,782.086,82.1941,68.2654,4.16894,7.37924,0.794632,20.5898,5.8
681,349,1250.59,856.287,80.8771,67.5258,4.32283,7.32123,0.922127,18.1831,5.81667
681,350,1129.07,755.005,81.227,67.5783,3.87125,6.43096,0.757681,15.677,5.83333
681,351,1150.33,801.404,80.504,67.6822,4.20089,6.66692,0.684212,18.4026,5.85
681,352,1146.67,798.169,79.099,69.4361,4.13585,6.24178,0.761499,15.6098,5.86667
681,353,1095.23,752.309,79.0589,65.7272,4.03126,6.40197,0.729811,15.3254,5.88333
681,354,1117.63,749.15,79.7037,66.6368,4.19722,6.31899,0.708396,12.0402,5.9
681,355,1124.11,762.884,77.9041,67.635,3.98106,6.36928,0.723834,16.2919,5.91667
681,356,1282.63,848.713,83.7681,69.858,4.17041,7.5275,0.924255,18.4563,5.93333
681,357,1128.88,750.608,80.3567,65.938,4.17796,6.40328,0.703616,17.9449,5.95
681,358,1167.14,793.897,79.4395,66.3177,4.09132,6.29231,0.776254,13.7589,5.96667
681,359,1145.13,769.218,79.9302,66.321,4.32387,6.85087,0.812778,15.8188,5.98333
